Unit,School / Division,Category,Calendar name,Calendar URL,Platform / CMS,How content is rendered,Feed / API endpoint,Best way to fetch it programmatically,Confidence,Notes
Penn Today (University-wide),University,University-wide,Penn Today Events Calendar,https://penntoday.upenn.edu/events,Drupal 11,Server-rendered HTML; filter UI adds query params,none found,Drupal: server-rendered HTML — requests + BeautifulSoup. Check for /ics (Drupal 7 SAS sites often expose one) and ?page= pagination.,Verified (page fetched),Main university-wide public calendar
Perelman School of Medicine,Medicine,School,PSOM Events Calendar,https://events.med.upenn.edu/,LiveWhale Calendar,JS-rendered; event data loaded via LiveWhale endpoints under /livewhale,LiveWhale supports ?format=ics / RSS on views,"LiveWhale: the HTML is injected by JS, so scraping the page fails. Use the group feed instead — append ?format=json or ?format=ics to the group URL, or build one from the calendar's Subscribe button.",Verified (page fetched),Also /faculty view; submit at /public/index.php
Annenberg School for Communication,Annenberg,School,ASC Events,https://www.asc.upenn.edu/news-events/events,Drupal 11,Server-rendered HTML,none found,Drupal: server-rendered HTML — requests + BeautifulSoup. Check for /ics (Drupal 7 SAS sites often expose one) and ?page= pagination.,Verified (page fetched),Filter by center via ?center=<id>
Graduate School of Education,GSE,School,Penn GSE Events Calendar,https://www.gse.upenn.edu/events,Drupal 10,"Server-rendered HTML, paginated (14 pages)",none found,Drupal: server-rendered HTML — requests + BeautifulSoup. Check for /ics (Drupal 7 SAS sites often expose one) and ?page= pagination.,Verified (page fetched),
Weitzman School of Design,Design,School,Weitzman Events,https://www.design.upenn.edu/events,Drupal 10,Server-rendered HTML,none found,Drupal: server-rendered HTML — requests + BeautifulSoup. Check for /ics (Drupal 7 SAS sites often expose one) and ?page= pagination.,Verified (page fetched),Admissions events at apply.design.upenn.edu/portal/events
School of Social Policy & Practice,SP2,School,SP2 Events,https://www.sp2.upenn.edu/events/,WordPress (The Events Calendar),Server-rendered HTML,Likely /events/?ical=1 and /wp-json/tribe/events/v1/events,"WordPress ""The Events Calendar"": use /wp-json/tribe/events/v1/events (JSON, paginated) — cleanest option. ?ical=1 on any view gives .ics.",Verified (page fetched),Submit at /events/submit-an-event/
School of Dental Medicine,Dental,School,Penn Dental Events,https://www.dental.upenn.edu/events/,WordPress 7.0.4,Server-rendered HTML archive,none found,WordPress: server-rendered HTML — requests + BeautifulSoup. Try /wp-json/wp/v2/ first; some sites expose events as a custom post type.,Verified (page fetched),
School of Engineering & Applied Science,Engineering,School,Penn Engineering Events,https://events.engineering.upenn.edu/,WordPress + The Events Calendar (TEC),Server-rendered HTML,https://events.engineering.upenn.edu/events-calendar/month/?ical=1 ; TEC REST API v1,"WordPress ""The Events Calendar"": use /wp-json/tribe/events/v1/events (JSON, paginated) — cleanest option. ?ical=1 on any view gives .ics.",Verified (page fetched),events.seas.upenn.edu 302-redirects here
Penn Libraries,Libraries,Library,Penn Libraries Events,https://www.library.upenn.edu/events,Drupal 10,Server-rendered HTML,none found,Drupal: server-rendered HTML — requests + BeautifulSoup. Check for /ics (Drupal 7 SAS sites often expose one) and ?page= pagination.,Verified (page fetched),Exhibits listed separately
The Wharton School,Wharton,School,Wharton Events hub,https://www.wharton.upenn.edu/events/,WordPress + WPBakery,"Hub page only, no listings",none,WordPress: server-rendered HTML — requests + BeautifulSoup. Try /wp-json/wp/v2/ first; some sites expose events as a custom post type.,Verified (page fetched),Points to alumni.wharton.upenn.edu/events-hq and groups.wharton.upenn.edu/events
Penn Carey Law,Law,School,Law School Events Calendar,https://www.law.upenn.edu/calendar/,LiveWhale Calendar,JS-rendered LiveWhale widget; /live/ paths serve data,LiveWhale ?format=ics / RSS on views,"LiveWhale: the HTML is injected by JS, so scraping the page fails. Use the group feed instead — append ?format=json or ?format=ics to the group URL, or build one from the calendar's Subscribe button.",Verified (page fetched),WebFetch hits a redirect loop; use /calendar/view/all
Penn Carey Law - Registrar,Law,Academic deadlines,Registrar's Calendar,https://www.law.upenn.edu/registrar/calendar.php,Static PHP page,Server-rendered HTML,none,"Static server-rendered HTML — requests + BeautifulSoup. Layout is hand-maintained, so selectors may drift.",Verified (page fetched),
Penn Carey Law - Academics,Law,Academic deadlines,Academic Calendar,https://www.law.upenn.edu/academics/calendar/,Static PHP page,Server-rendered HTML,none,"Static server-rendered HTML — requests + BeautifulSoup. Layout is hand-maintained, so selectors may drift.",Verified (page fetched),PDF at /live/files/13428-2026-2027-academic-calendar
School of Nursing,Nursing,School,Penn Nursing Calendar,https://www.nursing.upenn.edu/calendar/,LiveWhale Calendar,JS-rendered; /live/events/<id> detail pages,LiveWhale ics/RSS,"LiveWhale: the HTML is injected by JS, so scraping the page fails. Use the group feed instead — append ?format=json or ?format=ics to the group URL, or build one from the calendar's Subscribe button.",Verified (page fetched),Redirect loop on bare /calendar/; try /calendar/view/all
School of Nursing - Registrar,Nursing,Academic deadlines,Academic Calendar,https://www.nursing.upenn.edu/students/courses-registration/academic-calendar/,WordPress,Server-rendered HTML,none,WordPress: server-rendered HTML — requests + BeautifulSoup. Try /wp-json/wp/v2/ first; some sites expose events as a custom post type.,Verified (page fetched),
School of Veterinary Medicine,Vet,School,Penn Vet Events Calendar,https://www.vet.upenn.edu/about/penn-vet-events-calendar,WordPress + The Events Calendar,Server-rendered HTML,?ical=1 export; webcal; TEC REST API,"WordPress ""The Events Calendar"": use /wp-json/tribe/events/v1/events (JSON, paginated) — cleanest option. ?ical=1 on any view gives .ics.",Verified (page fetched),List view /events/list/
Wharton - Student groups,Wharton,Student life,Wharton CampusGroups Events,https://groups.wharton.upenn.edu/events,CampusGroups,JS-rendered SPA; data via CampusGroups API,/ics_helper and /calendar_sync,CampusGroups SPA: page HTML is empty. Use the ICS via /ics_helper or /calendar_sync.,Verified (page fetched),155 events listed
Wharton - Alumni,Wharton,Alumni,Wharton Alumni Events HQ,https://alumni.wharton.upenn.edu/events-hq/,WordPress + WPBakery,Server-rendered HTML,none found,WordPress: server-rendered HTML — requests + BeautifulSoup. Try /wp-json/wp/v2/ first; some sites expose events as a custom post type.,Verified (page fetched),List + calendar tabs
SAS - Department of Anthropology,SAS,Department,Upcoming Events,https://anthropology.sas.upenn.edu/events,Drupal 7,Server-rendered HTML,none,Drupal: server-rendered HTML — requests + BeautifulSoup. Check for /ics (Drupal 7 SAS sites often expose one) and ?page= pagination.,Verified (page fetched),Also a public Google Calendar for grad events
SAS - Department of Biology,SAS,Department,Events,https://www.bio.upenn.edu/events,Drupal (SAS),Server-rendered HTML seminar list,none,Drupal: server-rendered HTML — requests + BeautifulSoup. Check for /ics (Drupal 7 SAS sites often expose one) and ?page= pagination.,Verified (page fetched),
SAS - Department of Chemistry,SAS,Department,Events,https://www.chem.upenn.edu/events,Drupal (SAS),Server-rendered HTML seminar list,none,Drupal: server-rendered HTML — requests + BeautifulSoup. Check for /ics (Drupal 7 SAS sites often expose one) and ?page= pagination.,Verified (page fetched),
SAS - Comparative Literature,SAS,Department,Events,https://complit.sas.upenn.edu/events,Drupal,Server-rendered HTML,none,Drupal: server-rendered HTML — requests + BeautifulSoup. Check for /ics (Drupal 7 SAS sites often expose one) and ?page= pagination.,Verified (page fetched),
SAS - Department of Criminology,SAS,Department,Events,https://crim.sas.upenn.edu/events,Drupal 7,Server-rendered HTML,none,Drupal: server-rendered HTML — requests + BeautifulSoup. Check for /ics (Drupal 7 SAS sites often expose one) and ?page= pagination.,Verified (page fetched),
SAS - Earth & Environmental Science,SAS,Department,Events,https://earth.sas.upenn.edu/events,Drupal,Server-rendered HTML,none,Drupal: server-rendered HTML — requests + BeautifulSoup. Check for /ics (Drupal 7 SAS sites often expose one) and ?page= pagination.,Verified (page fetched),Often empty; listserv-driven
SAS - East Asian Languages & Civilizations,SAS,Department,Events,https://ealc.sas.upenn.edu/events,Drupal,Server-rendered HTML,none,Drupal: server-rendered HTML — requests + BeautifulSoup. Check for /ics (Drupal 7 SAS sites often expose one) and ?page= pagination.,Verified (page fetched),
SAS - Department of Economics,SAS,Department,Events,https://economics.sas.upenn.edu/events,Drupal,Server-rendered HTML,none,Drupal: server-rendered HTML — requests + BeautifulSoup. Check for /ics (Drupal 7 SAS sites often expose one) and ?page= pagination.,Verified (page fetched),
SAS - Department of English,SAS,Department,English Department Events Calendar,https://www.english.upenn.edu/events/calendar,Drupal 7,Server-rendered month grid,none,Drupal: server-rendered HTML — requests + BeautifulSoup. Check for /ics (Drupal 7 SAS sites often expose one) and ?page= pagination.,Verified (page fetched),Grad + undergrad sub-calendars
SAS - Gender Sexuality & Women's Studies,SAS,Department,Upcoming Events,https://gsws.sas.upenn.edu/events,Drupal 11,Server-rendered HTML paginated,none,Drupal: server-rendered HTML — requests + BeautifulSoup. Check for /ics (Drupal 7 SAS sites often expose one) and ?page= pagination.,Verified (page fetched),Shared with FQT Center
SAS - Department of Classical Studies,SAS,Department,Events,https://www.classics.upenn.edu/events,Drupal 7,Server-rendered HTML,likely /ics (Drupal 7 SAS pattern),Drupal: server-rendered HTML — requests + BeautifulSoup. Check for /ics (Drupal 7 SAS sites often expose one) and ?page= pagination.,Verified (page fetched),
SAS - Department of History,SAS,Department,Events,https://www.history.upenn.edu/events,Drupal 7,Server-rendered HTML,likely /ics,Drupal: server-rendered HTML — requests + BeautifulSoup. Check for /ics (Drupal 7 SAS sites often expose one) and ?page= pagination.,Verified (page fetched),
SAS - History & Sociology of Science,SAS,Department,Events,https://hss.sas.upenn.edu/events,Drupal,Server-rendered HTML,none,Drupal: server-rendered HTML — requests + BeautifulSoup. Check for /ics (Drupal 7 SAS sites often expose one) and ?page= pagination.,Verified (page fetched),
SAS - Department of History of Art,SAS,Department,Upcoming Events,https://arth.sas.upenn.edu/events,Drupal 7,Server-rendered HTML + month view,webcal://arth.sas.upenn.edu/ics,Drupal: server-rendered HTML — requests + BeautifulSoup. Check for /ics (Drupal 7 SAS sites often expose one) and ?page= pagination.,Verified (page fetched),Month view /calendar/month; filters by series
SAS - Department of Linguistics,SAS,Department,Events,https://www.ling.upenn.edu/events,Drupal 7,Server-rendered HTML,likely /ics,Drupal: server-rendered HTML — requests + BeautifulSoup. Check for /ics (Drupal 7 SAS sites often expose one) and ?page= pagination.,Verified (page fetched),
SAS - Department of Mathematics,SAS,Department,Events / Seminars,https://www.math.upenn.edu/events/,Drupal 7,Server-rendered HTML,likely /ics,Drupal: server-rendered HTML — requests + BeautifulSoup. Check for /ics (Drupal 7 SAS sites often expose one) and ?page= pagination.,Verified (page fetched),Seminar index at /events/seminars
SAS - Department of Music,SAS,Department,Events,https://music.sas.upenn.edu/events,Drupal,Server-rendered HTML,none,Drupal: server-rendered HTML — requests + BeautifulSoup. Check for /ics (Drupal 7 SAS sites often expose one) and ?page= pagination.,Verified (page fetched),Concerts and ensembles
SAS - Department of Philosophy,SAS,Department,Events,https://philosophy.sas.upenn.edu/events,Drupal 7,Server-rendered HTML + month view,likely /ics,Drupal: server-rendered HTML — requests + BeautifulSoup. Check for /ics (Drupal 7 SAS sites often expose one) and ?page= pagination.,Verified (page fetched),
SAS - Physics & Astronomy,SAS,Department,Events / Seminars,https://www.physics.upenn.edu/events,Drupal 7,Server-rendered HTML,likely /ics,Drupal: server-rendered HTML — requests + BeautifulSoup. Check for /ics (Drupal 7 SAS sites often expose one) and ?page= pagination.,Verified (page fetched),Multiple seminar series
SAS - Political Science,SAS,Department,Events,https://www.polisci.upenn.edu/events,Drupal 7,Server-rendered HTML,likely /ics,Drupal: server-rendered HTML — requests + BeautifulSoup. Check for /ics (Drupal 7 SAS sites often expose one) and ?page= pagination.,Verified (page fetched),
SAS - Department of Psychology,SAS,Department,Upcoming Events,https://psychology.sas.upenn.edu/events,Drupal 11,Server-rendered HTML,none,Drupal: server-rendered HTML — requests + BeautifulSoup. Check for /ics (Drupal 7 SAS sites often expose one) and ?page= pagination.,Verified (page fetched),Colloquia sub-calendar /events/colloquia
SAS - Middle Eastern Languages & Cultures,SAS,Department,Events,https://melc.sas.upenn.edu/events,Drupal,Server-rendered HTML,none,Drupal: server-rendered HTML — requests + BeautifulSoup. Check for /ics (Drupal 7 SAS sites often expose one) and ?page= pagination.,Verified (page fetched),Formerly NELC
SAS - Religious Studies,SAS,Department,Events,https://rels.sas.upenn.edu/events,Drupal,Server-rendered HTML,none,Drupal: server-rendered HTML — requests + BeautifulSoup. Check for /ics (Drupal 7 SAS sites often expose one) and ?page= pagination.,Verified (page fetched),
SAS - Department of Sociology,SAS,Department,Events,https://sociology.sas.upenn.edu/events,Drupal,Server-rendered HTML,none,Drupal: server-rendered HTML — requests + BeautifulSoup. Check for /ics (Drupal 7 SAS sites often expose one) and ?page= pagination.,Verified (page fetched),
SAS - Center for Africana Studies,SAS,Center,Upcoming Events,https://africana.sas.upenn.edu/events,Drupal,Server-rendered HTML,none,Drupal: server-rendered HTML — requests + BeautifulSoup. Check for /ics (Drupal 7 SAS sites often expose one) and ?page= pagination.,Verified (page fetched),Center-specific list at /center/events
SAS - Center for Latin American & Latinx Studies,SAS,Center,Events,https://clals.sas.upenn.edu/events,Drupal 7,Server-rendered HTML + month grid,none,Drupal: server-rendered HTML — requests + BeautifulSoup. Check for /ics (Drupal 7 SAS sites often expose one) and ?page= pagination.,Verified (page fetched),Series filters CLALSES/CLALSIS/TECLA
SAS - Cinema & Media Studies,SAS,Department,Events,https://cinemastudies.sas.upenn.edu/events,Drupal,Server-rendered HTML,none,Drupal: server-rendered HTML — requests + BeautifulSoup. Check for /ics (Drupal 7 SAS sites often expose one) and ?page= pagination.,Verified (page fetched),
SAS - South Asia Studies,SAS,Department,Events,https://www.southasia.upenn.edu/events,Drupal,Server-rendered HTML,none,Drupal: server-rendered HTML — requests + BeautifulSoup. Check for /ics (Drupal 7 SAS sites often expose one) and ?page= pagination.,Verified (page fetched),
SAS - South Asia Center,SAS,Center,Events,https://www.southasiacenter.upenn.edu/events,Drupal,Server-rendered HTML,none,Drupal: server-rendered HTML — requests + BeautifulSoup. Check for /ics (Drupal 7 SAS sites often expose one) and ?page= pagination.,Verified (page fetched),
SAS - Theatre Arts Program,SAS,Department,Events,https://theatre.sas.upenn.edu/events,Drupal,Server-rendered HTML,none,Drupal: server-rendered HTML — requests + BeautifulSoup. Check for /ics (Drupal 7 SAS sites often expose one) and ?page= pagination.,Verified (page fetched),Penn Plays sub-page /events/penn-plays
SAS - Jewish Studies Program,SAS,Department,Events,https://jwst.sas.upenn.edu/events,Drupal,Server-rendered HTML,none,Drupal: server-rendered HTML — requests + BeautifulSoup. Check for /ics (Drupal 7 SAS sites often expose one) and ?page= pagination.,Verified (page fetched),Past events sub-page
SAS - Katz Center for Advanced Judaic Studies,SAS,Center,Events,https://katz.sas.upenn.edu/events,Drupal,Server-rendered HTML,none,Drupal: server-rendered HTML — requests + BeautifulSoup. Check for /ics (Drupal 7 SAS sites often expose one) and ?page= pagination.,Verified (page fetched),
SAS - Urban Studies Program,SAS,Department,Events,https://urban.sas.upenn.edu/events,Drupal,Server-rendered HTML,none,Drupal: server-rendered HTML — requests + BeautifulSoup. Check for /ics (Drupal 7 SAS sites often expose one) and ?page= pagination.,Verified (page fetched),Graduate Colloquium Series sub-calendar
SAS - College of Liberal & Professional Studies,SAS,Division,LPS Events,https://www.lps.upenn.edu/about/events,Drupal,Server-rendered HTML,none,Drupal: server-rendered HTML — requests + BeautifulSoup. Check for /ics (Drupal 7 SAS sites often expose one) and ?page= pagination.,Verified (page fetched),
SAS - Penn LPS Online,SAS,Division,Events Calendar,https://lpsonline.sas.upenn.edu/events,Drupal,Server-rendered HTML,none,Drupal: server-rendered HTML — requests + BeautifulSoup. Check for /ics (Drupal 7 SAS sites often expose one) and ?page= pagination.,Verified (page fetched),
SAS - Francophone Italian & Germanic Studies,SAS,Department,Events,https://figs.sas.upenn.edu/events,Drupal,Server-rendered HTML paginated,none,Drupal: server-rendered HTML — requests + BeautifulSoup. Check for /ics (Drupal 7 SAS sites often expose one) and ?page= pagination.,Verified (page fetched),french.sas.upenn.edu/events aliases here
SAS - Spanish & Portuguese,SAS,Department,Events,https://spanish.sas.upenn.edu/events,Drupal,Server-rendered HTML,none,Drupal: server-rendered HTML — requests + BeautifulSoup. Check for /ics (Drupal 7 SAS sites often expose one) and ?page= pagination.,Verified (page fetched),
SAS - Russian & East European Studies,SAS,Department,Events,https://rees.sas.upenn.edu/events,Drupal,Server-rendered HTML,none,Drupal: server-rendered HTML — requests + BeautifulSoup. Check for /ics (Drupal 7 SAS sites often expose one) and ?page= pagination.,Verified (page fetched),
Penn Institute for Urban Research,University,Institute,Penn IUR Events,https://penniur.upenn.edu/events,Drupal,Server-rendered HTML,none,Drupal: server-rendered HTML — requests + BeautifulSoup. Check for /ics (Drupal 7 SAS sites often expose one) and ?page= pagination.,Verified (page fetched),
The Africa Center,University,Center,Events,https://www.africa.upenn.edu/events,Drupal,Server-rendered HTML,none,Drupal: server-rendered HTML — requests + BeautifulSoup. Check for /ics (Drupal 7 SAS sites often expose one) and ?page= pagination.,Verified (page fetched),
University Life,University Life,University-wide,University Life Calendar of Events,https://ulife.vpul.upenn.edu/calendar/,Custom PHP (VPUL),Server-rendered HTML,https://ulife.vpul.upenn.edu/calendar/ics/subscribe ; per-event https://ulife.vpul.upenn.edu/calendar/ics.php?id=<id>,"Static server-rendered HTML — requests + BeautifulSoup. Layout is hand-maintained, so selectors may drift.",Verified (page fetched),Aggregates many campus hosts; per-host views at /calendar/host/<Name>/<id>
Penn Women's Center,University Life,Student life,PWC events (ulife host),https://ulife.vpul.upenn.edu/calendar/host/Penn+Women%27s+Center/274,Custom PHP (VPUL),Server-rendered HTML,ulife ICS,"Static server-rendered HTML — requests + BeautifulSoup. Layout is hand-maintained, so selectors may drift.",Verified (page fetched),
Greenfield Intercultural Center,University Life,Student life,GIC events (ulife host),https://ulife.vpul.upenn.edu/calendar/host/Greenfield+Intercultural+Center/23,Custom PHP (VPUL),Server-rendered HTML,ulife ICS,"Static server-rendered HTML — requests + BeautifulSoup. Layout is hand-maintained, so selectors may drift.",Verified (page fetched),
La Casa Latina,University Life,Student life,Casa Latina events (ulife host),https://ulife.vpul.upenn.edu/calendar/host/Casa+Latina/20,Custom PHP (VPUL),Server-rendered HTML,ulife ICS,"Static server-rendered HTML — requests + BeautifulSoup. Layout is hand-maintained, so selectors may drift.",Verified (page fetched),
Pan-Asian American Community House,University Life,Student life,PAACH events (ulife host),https://ulife.vpul.upenn.edu/calendar/host/Pan-Asian+American+Community+House/17,Custom PHP (VPUL),Server-rendered HTML,ulife ICS,"Static server-rendered HTML — requests + BeautifulSoup. Layout is hand-maintained, so selectors may drift.",Verified (page fetched),
LGBT Center,University Life,Student life,LGBT Center events (ulife host),https://ulife.vpul.upenn.edu/calendar/host/LGBT+Center/24,Custom PHP (VPUL),Server-rendered HTML,ulife ICS,"Static server-rendered HTML — requests + BeautifulSoup. Layout is hand-maintained, so selectors may drift.",Verified (page fetched),
Makuu Black Cultural Center,University Life,Student life,Makuu events (ulife host),https://ulife.vpul.upenn.edu/calendar/host/Makuu,Custom PHP (VPUL),Server-rendered HTML,ulife ICS,"Static server-rendered HTML — requests + BeautifulSoup. Layout is hand-maintained, so selectors may drift.",Verified (page fetched),
Career Services,University Life,Student services,Career Services events (ulife host),https://ulife.vpul.upenn.edu/calendar/host/Career+Services/5,Custom PHP (VPUL),Server-rendered HTML,ulife ICS,"Static server-rendered HTML — requests + BeautifulSoup. Layout is hand-maintained, so selectors may drift.",Verified (page fetched),
Office of Fraternity & Sorority Life,University Life,Student life,OFSL events (ulife host),https://ulife.vpul.upenn.edu/calendar/host/Office+of+Fraternity+and+Sorority+Life/41,Custom PHP (VPUL),Server-rendered HTML,ulife ICS,"Static server-rendered HTML — requests + BeautifulSoup. Layout is hand-maintained, so selectors may drift.",Verified (page fetched),
Platt Student Performing Arts House,University Life,Arts,Platt events (ulife host),https://ulife.vpul.upenn.edu/calendar/host/Platt+Student+Performing+Arts+House/40,Custom PHP (VPUL),Server-rendered HTML,ulife ICS,"Static server-rendered HTML — requests + BeautifulSoup. Layout is hand-maintained, so selectors may drift.",Verified (page fetched),
Penn Athletics (ulife feed),Athletics,Athletics,Penn Athletics (ulife host),https://ulife.vpul.upenn.edu/calendar/host/Penn+Athletics/2,Custom PHP (VPUL),Server-rendered HTML,ulife ICS,"Static server-rendered HTML — requests + BeautifulSoup. Layout is hand-maintained, so selectors may drift.",Verified (page fetched),
Penn Athletics,Athletics,Athletics,Composite Schedule,https://pennathletics.com/calendar,SIDEARM Sports,JS-rendered; SIDEARM JSON API,SIDEARM provides ICS/RSS per sport,SIDEARM Sports: per-sport schedule JSON endpoints and ICS exports; prefer those over the rendered page.,Verified (page fetched),Per-sport schedules at /sports/<sport>/schedule
Arts at Penn,Arts,Arts,Events & Exhibitions,https://arts.upenn.edu/events-exhibitions/,WordPress (Penn theme),Server-rendered HTML,none found,WordPress: server-rendered HTML — requests + BeautifulSoup. Try /wp-json/wp/v2/ first; some sites expose events as a custom post type.,Verified (page fetched),Aggregates Penn arts venues
Penn Museum,Museum,Museum,Penn Museum Calendar,https://www.penn.museum/calendar/,Joomla!,Server-rendered HTML,none exposed,Joomla: server-rendered HTML — requests + BeautifulSoup. Category filters are query params.,Verified (page fetched),Category filters
Institute of Contemporary Art,Arts,Museum,ICA Events,https://icaphila.org/events/,WordPress,Server-rendered HTML,unknown,WordPress: server-rendered HTML — requests + BeautifulSoup. Try /wp-json/wp/v2/ first; some sites expose events as a custom post type.,Pattern-inferred — confirm URL before scraping,
Arthur Ross Gallery,Arts,Gallery,Events,https://arthurrossgallery.org/events/,WordPress,Server-rendered HTML,unknown,WordPress: server-rendered HTML — requests + BeautifulSoup. Try /wp-json/wp/v2/ first; some sites expose events as a custom post type.,Pattern-inferred — confirm URL before scraping,
Penn Live Arts,Arts,Performing arts,Events,https://pennlivearts.org/events,Custom / Tessitura,JS-assisted,unknown,Server-rendered HTML — requests + BeautifulSoup; confirm the selector before relying on it.,Pattern-inferred — confirm URL before scraping,Ticketed performances
Sachs Program for Arts Innovation,Arts,Arts,Events,https://sachsarts.org/event/,WordPress,Server-rendered HTML,unknown,WordPress: server-rendered HTML — requests + BeautifulSoup. Try /wp-json/wp/v2/ first; some sites expose events as a custom post type.,Pattern-inferred — confirm URL before scraping,
Kelly Writers House,Arts,Arts,Calendar,https://writing.upenn.edu/wh/calendar/,Custom static/PHP,Server-rendered HTML,unknown,"Static server-rendered HTML — requests + BeautifulSoup. Layout is hand-maintained, so selectors may drift.",Pattern-inferred — confirm URL before scraping,
Wolf Humanities Center,SAS,Center,Upcoming Events,https://wolfhumanities.upenn.edu/events/upcoming,Drupal 7,Server-rendered HTML,none; registration via Eventbrite,Drupal: server-rendered HTML — requests + BeautifulSoup. Check for /ics (Drupal 7 SAS sites often expose one) and ?page= pagination.,Verified (page fetched),Archive at /events/archive
MindCORE,SAS,Center,All Events,https://mindcore.sas.upenn.edu/event-category/all-events/,WordPress (UPenn theme 7.0.4),Server-rendered HTML,iCal download for search results; per-event Google/Outlook/iCal,WordPress: server-rendered HTML — requests + BeautifulSoup. Try /wp-json/wp/v2/ first; some sites expose events as a custom post type.,Verified (page fetched),Calendar grid + filters
Perry World House,University,Center,Events,https://perryworldhouse.upenn.edu/events-landing/,WordPress 7.0.3,Server-rendered HTML paginated,none found,WordPress: server-rendered HTML — requests + BeautifulSoup. Try /wp-json/wp/v2/ first; some sites expose events as a custom post type.,Verified (page fetched),Also global.upenn.edu/perryworldhouse/events
Office of the Chaplain (SPARC),University Life,Religious life,Events,https://chaplain.upenn.edu/events/,WordPress,Server-rendered HTML,unknown,WordPress: server-rendered HTML — requests + BeautifulSoup. Try /wp-json/wp/v2/ first; some sites expose events as a custom post type.,Pattern-inferred — confirm URL before scraping,Category views /events-category/<slug>/
Penn Catholic Newman Center,University Life,Religious life,Event Calendar,https://newman.upenn.edu/event-calendar,WordPress,Server-rendered HTML,unknown,WordPress: server-rendered HTML — requests + BeautifulSoup. Try /wp-json/wp/v2/ first; some sites expose events as a custom post type.,Pattern-inferred — confirm URL before scraping,
Penn Abroad,Penn Global,Global,Events & Deadlines,https://global.upenn.edu/pennabroad/events/,WordPress,Server-rendered HTML,unknown,WordPress: server-rendered HTML — requests + BeautifulSoup. Try /wp-json/wp/v2/ first; some sites expose events as a custom post type.,Pattern-inferred — confirm URL before scraping,Archive at /pennabroad/event/
International Student & Scholar Services,Penn Global,Global,Workshops & Events,https://global.upenn.edu/isss/events,WordPress,Server-rendered HTML,unknown,WordPress: server-rendered HTML — requests + BeautifulSoup. Try /wp-json/wp/v2/ first; some sites expose events as a custom post type.,Pattern-inferred — confirm URL before scraping,
Office of the University Registrar,SRFS,Academic deadlines,"Registration, Catalog & Calendar",https://srfs.upenn.edu/registration-catalog-calendar,Drupal,Server-rendered HTML,none,Drupal: server-rendered HTML — requests + BeautifulSoup. Check for /ics (Drupal 7 SAS sites often expose one) and ?page= pagination.,Verified (page fetched),
Penn Almanac,University,Academic deadlines,University Academic Calendar,https://almanac.upenn.edu/penn-academic-calendar,Drupal,Server-rendered HTML,none,Drupal: server-rendered HTML — requests + BeautifulSoup. Check for /ics (Drupal 7 SAS sites often expose one) and ?page= pagination.,Verified (page fetched),Also AT PENN event listings in each issue
Graduate Student Center,University Life,Student life,Events Calendar,https://gsc.upenn.edu/events,Drupal,Server-rendered HTML,unknown,Drupal: server-rendered HTML — requests + BeautifulSoup. Check for /ics (Drupal 7 SAS sites often expose one) and ?page= pagination.,Pattern-inferred — confirm URL before scraping,
New Student Orientation,University Life,Student life,Events Calendar,https://nso.upenn.edu/events/events-calendar/,WordPress,Server-rendered HTML,unknown,WordPress: server-rendered HTML — requests + BeautifulSoup. Try /wp-json/wp/v2/ first; some sites expose events as a custom post type.,Pattern-inferred — confirm URL before scraping,
Wharton Research,Wharton,Research,Seminars & Events,https://research.wharton.upenn.edu/seminars-events/,WordPress + WPBakery,Server-rendered HTML,unknown,WordPress: server-rendered HTML — requests + BeautifulSoup. Try /wp-json/wp/v2/ first; some sites expose events as a custom post type.,Pattern-inferred — confirm URL before scraping,Index of departmental seminar series
Wharton - Marketing Department,Wharton,Department,Events and Calendars,https://marketing.wharton.upenn.edu/events/,WordPress,Server-rendered HTML,unknown,WordPress: server-rendered HTML — requests + BeautifulSoup. Try /wp-json/wp/v2/ first; some sites expose events as a custom post type.,Pattern-inferred — confirm URL before scraping,
Wharton - Management Department,Wharton,Department,Events and Calendars,https://mgmt.wharton.upenn.edu/events-and-calendars/,WordPress,Server-rendered HTML,unknown,WordPress: server-rendered HTML — requests + BeautifulSoup. Try /wp-json/wp/v2/ first; some sites expose events as a custom post type.,Pattern-inferred — confirm URL before scraping,
Wharton - Statistics & Data Science,Wharton,Department,Seminars / Conferences,https://statistics.wharton.upenn.edu/research/seminars-conferences/,WordPress,Server-rendered HTML,unknown,WordPress: server-rendered HTML — requests + BeautifulSoup. Try /wp-json/wp/v2/ first; some sites expose events as a custom post type.,Pattern-inferred — confirm URL before scraping,
Wharton - Business Economics & Public Policy,Wharton,Department,Seminars & Conferences,https://bepp.wharton.upenn.edu/research/seminars-conferences/,WordPress,Server-rendered HTML,unknown,WordPress: server-rendered HTML — requests + BeautifulSoup. Try /wp-json/wp/v2/ first; some sites expose events as a custom post type.,Pattern-inferred — confirm URL before scraping,
Wharton - Health Care Management,Wharton,Department,Research Seminars,https://hcmg.wharton.upenn.edu/seminars-conferences/seminars/,WordPress,Server-rendered HTML,unknown,WordPress: server-rendered HTML — requests + BeautifulSoup. Try /wp-json/wp/v2/ first; some sites expose events as a custom post type.,Pattern-inferred — confirm URL before scraping,
Penn Engineering - Bioengineering,Engineering,Department,Bioengineering Seminars (tag view),https://events.engineering.upenn.edu/calendar/tag/be/list/,WordPress + The Events Calendar,Server-rendered HTML,?ical=1 on the tag view,"WordPress ""The Events Calendar"": use /wp-json/tribe/events/v1/events (JSON, paginated) — cleanest option. ?ical=1 on any view gives .ics.",Verified (page fetched),Tag-filtered view of school calendar
Penn Engineering - Computer & Information Science,Engineering,Department,CIS Seminar Series,https://www.cis.upenn.edu/about-cis/events/index.php,Static PHP,Server-rendered HTML,none,"Static server-rendered HTML — requests + BeautifulSoup. Layout is hand-maintained, so selectors may drift.",Verified (page fetched),Grace Hopper Lecture Series sub-page
Penn Engineering - Electrical & Systems Engineering,Engineering,Department,ESE Events,https://www.ese.upenn.edu/ese-events/,WordPress,Server-rendered HTML,unknown,WordPress: server-rendered HTML — requests + BeautifulSoup. Try /wp-json/wp/v2/ first; some sites expose events as a custom post type.,Pattern-inferred — confirm URL before scraping,
Penn Engineering - Mechanical Engineering & Applied Mechanics,Engineering,Department,MEAM Seminar Series,https://blog.me.upenn.edu/,WordPress blog,Server-rendered HTML,WordPress RSS,WordPress: server-rendered HTML — requests + BeautifulSoup. Try /wp-json/wp/v2/ first; some sites expose events as a custom post type.,Verified (page fetched),Seminars also on school calendar tag /meam/
PSOM - Radiology,Medicine,Department,Radiology Events (LiveWhale group),https://events.med.upenn.edu/radiology/,LiveWhale Calendar,JS-rendered,LiveWhale ics/RSS,"LiveWhale: the HTML is injected by JS, so scraping the page fails. Use the group feed instead — append ?format=json or ?format=ics to the group URL, or build one from the calendar's Subscribe button.",Verified (page fetched),Per-department LiveWhale group views
PSOM - Microbiology,Medicine,Department,Seminars & Events,https://www.med.upenn.edu/micro/seminars-and-events.html,Static HTML (PSOM template),Server-rendered HTML,none,"Static server-rendered HTML — requests + BeautifulSoup. Layout is hand-maintained, so selectors may drift.",Verified (page fetched),
PSOM - Cardiovascular Institute,Medicine,Institute,Upcoming Seminars and Workshops,https://www.med.upenn.edu/cvi/seminar-calendar.html,Static HTML (PSOM template),Server-rendered HTML,none,"Static server-rendered HTML — requests + BeautifulSoup. Layout is hand-maintained, so selectors may drift.",Verified (page fetched),
PSOM - Cell & Molecular Biology Graduate Group,Medicine,Graduate group,Seminar Series,https://www.med.upenn.edu/camb/seminar-series.html,Static HTML (PSOM template),Server-rendered HTML,none,"Static server-rendered HTML — requests + BeautifulSoup. Layout is hand-maintained, so selectors may drift.",Verified (page fetched),
PSOM - Department of Medicine,Medicine,Department,Events Calendar (LiveWhale group),https://events.med.upenn.edu/medicine/,LiveWhale Calendar,JS-rendered,LiveWhale ics/RSS via Subscribe,"LiveWhale: the HTML is injected by JS, so scraping the page fails. Use the group feed instead — append ?format=json or ?format=ics to the group URL, or build one from the calendar's Subscribe button.",Verified (page fetched),
PSOM - Neuroscience Graduate Group,Medicine,Graduate group,Events Calendar (LiveWhale group),https://events.med.upenn.edu/ngg/,LiveWhale Calendar,JS-rendered,LiveWhale ics/RSS,"LiveWhale: the HTML is injected by JS, so scraping the page fails. Use the group feed instead — append ?format=json or ?format=ics to the group URL, or build one from the calendar's Subscribe button.",Verified (page fetched),
PSOM - Office of Academic Affairs,Medicine,Office,Events Calendar (LiveWhale group),https://events.med.upenn.edu/oaa/,LiveWhale Calendar,JS-rendered,LiveWhale ics/RSS,"LiveWhale: the HTML is injected by JS, so scraping the page fails. Use the group feed instead — append ?format=json or ?format=ics to the group URL, or build one from the calendar's Subscribe button.",Verified (page fetched),
PSOM - Biostatistics Epidemiology & Informatics,Medicine,Department,Events Calendar (LiveWhale group),https://events.med.upenn.edu/dbei/all,LiveWhale Calendar,JS-rendered,LiveWhale ics/RSS,"LiveWhale: the HTML is injected by JS, so scraping the page fails. Use the group feed instead — append ?format=json or ?format=ics to the group URL, or build one from the calendar's Subscribe button.",Verified (page fetched),
PSOM - Biochemistry & Molecular Biophysics Grad Group,Medicine,Graduate group,Events Calendar (LiveWhale group),https://events.med.upenn.edu/bmb/,LiveWhale Calendar,JS-rendered,LiveWhale ics/RSS,"LiveWhale: the HTML is injected by JS, so scraping the page fails. Use the group feed instead — append ?format=json or ?format=ics to the group URL, or build one from the calendar's Subscribe button.",Verified (page fetched),
PSOM - Penn Science Policy & Diplomacy Group,Medicine,Group,Events Calendar (LiveWhale group),https://events.med.upenn.edu/pspdg/,LiveWhale Calendar,JS-rendered,LiveWhale ics/RSS,"LiveWhale: the HTML is injected by JS, so scraping the page fails. Use the group feed instead — append ?format=json or ?format=ics to the group URL, or build one from the calendar's Subscribe button.",Verified (page fetched),
PSOM - Combined Degree & Physician Scholar Programs,Medicine,Program,Events and Activities,https://www.med.upenn.edu/educ_combdeg/events-activities/,Static HTML (PSOM template),Server-rendered HTML,none,"Static server-rendered HTML — requests + BeautifulSoup. Layout is hand-maintained, so selectors may drift.",Verified (page fetched),
PSOM - IDEAL MEd,Medicine,Office,Calendar,https://www.med.upenn.edu/diversityume/calendar/,Static HTML (PSOM template),Server-rendered HTML,none,"Static server-rendered HTML — requests + BeautifulSoup. Layout is hand-maintained, so selectors may drift.",Verified (page fetched),
PSOM (school),Medicine,School,PSOM Calendar landing,https://www.med.upenn.edu/psom/calendar.html,Static HTML (PSOM template),Server-rendered HTML,none,"Static server-rendered HTML — requests + BeautifulSoup. Layout is hand-maintained, so selectors may drift.",Verified (page fetched),Links into LiveWhale calendar
Law - Institute for Law & Economics,Law,Institute,Events,https://www.law.upenn.edu/institutes/ile/events.php,Static PHP,Server-rendered HTML,none,"Static server-rendered HTML — requests + BeautifulSoup. Layout is hand-maintained, so selectors may drift.",Verified (page fetched),
Law - Center for Technology Innovation & Competition,Law,Center,Events,https://www.law.upenn.edu/institutes/ctic/events.php,Static PHP,Server-rendered HTML,none,"Static server-rendered HTML — requests + BeautifulSoup. Layout is hand-maintained, so selectors may drift.",Verified (page fetched),
Law - Quattrone Center for the Fair Administration of Justice,Law,Center,Events,https://www.law.upenn.edu/institutes/quattronecenter/events.php,Static PHP,Server-rendered HTML,none,"Static server-rendered HTML — requests + BeautifulSoup. Layout is hand-maintained, so selectors may drift.",Verified (page fetched),
Law - Center for Asian Law,Law,Center,Center page (events listed),https://www.law.upenn.edu/institutes/cal,Static PHP,Server-rendered HTML,none,"Static server-rendered HTML — requests + BeautifulSoup. Layout is hand-maintained, so selectors may drift.",Verified (page fetched),
Law - Conferences & Events office,Law,Office,Conferences & Events,https://www.law.upenn.edu/administration/conferencesevents/,Static PHP,Server-rendered HTML,none,"Static server-rendered HTML — requests + BeautifulSoup. Layout is hand-maintained, so selectors may drift.",Verified (page fetched),
Annenberg - Center on Digital Culture and Society,Annenberg,Center,Events,https://www.asc.upenn.edu/research/centers/center-on-digital-culture-and-society/events,Drupal 11,Server-rendered HTML,none,Drupal: server-rendered HTML — requests + BeautifulSoup. Check for /ics (Drupal 7 SAS sites often expose one) and ?page= pagination.,Verified (page fetched),Pattern: /research/centers/<slug>/events
Annenberg - Center for Media at Risk,Annenberg,Center,Events,https://www.asc.upenn.edu/research/centers/center-for-media-at-risk/events,Drupal 11,Server-rendered HTML,none,Drupal: server-rendered HTML — requests + BeautifulSoup. Check for /ics (Drupal 7 SAS sites often expose one) and ?page= pagination.,Verified (page fetched),
Annenberg - Center for Advanced Research in Global Communication,Annenberg,Center,Events,https://www.asc.upenn.edu/research/centers/center-for-advanced-research-in-global-communication/events,Drupal 11,Server-rendered HTML,none,Drupal: server-rendered HTML — requests + BeautifulSoup. Check for /ics (Drupal 7 SAS sites often expose one) and ?page= pagination.,Verified (page fetched),
Annenberg - Media Inequality & Change Center,Annenberg,Center,Events,https://www.asc.upenn.edu/research/centers/media-inequality-and-change-center,Drupal 11,Server-rendered HTML,none,Drupal: server-rendered HTML — requests + BeautifulSoup. Check for /ics (Drupal 7 SAS sites often expose one) and ?page= pagination.,Verified (page fetched),
Annenberg - Institute for the Study of Citizens and Politics,Annenberg,Center,Events,https://www.asc.upenn.edu/research/centers/institute-for-the-study-of-citizens-and-politics,Drupal 11,Server-rendered HTML,none,Drupal: server-rendered HTML — requests + BeautifulSoup. Check for /ics (Drupal 7 SAS sites often expose one) and ?page= pagination.,Verified (page fetched),
Annenberg Public Policy Center,Annenberg,Center,Events,https://www.annenbergpublicpolicycenter.org/events/,WordPress,Server-rendered HTML,unknown,WordPress: server-rendered HTML — requests + BeautifulSoup. Try /wp-json/wp/v2/ first; some sites expose events as a custom post type.,Pattern-inferred — confirm URL before scraping,Separate domain
Vet - Pathobiology,Vet,Department,Pathobiology Events,https://www.vet.upenn.edu/research/academic-departments/pathobiology/news-and-events/pathobiology-events,Sitecore (legacy) / WordPress,Server-rendered HTML,none,"WordPress ""The Events Calendar"": use /wp-json/tribe/events/v1/events (JSON, paginated) — cleanest option. ?ical=1 on any view gives .ics.",Verified (page fetched),Global Parasitology Seminars
Vet - Research news & events,Vet,School,Events Archive,https://www.vet.upenn.edu/research/news-events-conferences,WordPress,Server-rendered HTML,none,WordPress: server-rendered HTML — requests + BeautifulSoup. Try /wp-json/wp/v2/ first; some sites expose events as a custom post type.,Verified (page fetched),
Vet - Continuing Education,Vet,Continuing ed,CE Events,https://www.vet.upenn.edu/education/continuing-education,WordPress,Server-rendered HTML,unknown,WordPress: server-rendered HTML — requests + BeautifulSoup. Try /wp-json/wp/v2/ first; some sites expose events as a custom post type.,Pattern-inferred — confirm URL before scraping,Penn Annual Conference
GSE - News & Events,GSE,School,Events Calendar (alt path),https://www.gse.upenn.edu/news-and-events/events-calendar,Drupal 10,Server-rendered HTML,none,Drupal: server-rendered HTML — requests + BeautifulSoup. Check for /ics (Drupal 7 SAS sites often expose one) and ?page= pagination.,Verified (page fetched),Same data as /events
GSE - Annual Events & Series,GSE,School,Annual Events & Series,https://www.gse.upenn.edu/news-and-events/annual-events-and-series,Drupal 10,Server-rendered HTML,none,Drupal: server-rendered HTML — requests + BeautifulSoup. Check for /ics (Drupal 7 SAS sites often expose one) and ?page= pagination.,Verified (page fetched),
GSE - One Penn GSE Registrar,GSE,Academic deadlines,Academic Calendar,https://onepenn.gse.upenn.edu/student-records-registrar/academic-calendar,Drupal,Server-rendered HTML,none,Drupal: server-rendered HTML — requests + BeautifulSoup. Check for /ics (Drupal 7 SAS sites often expose one) and ?page= pagination.,Verified (page fetched),Per-term sub-pages
Weitzman - Architecture,Design,Department,"Events (school calendar, filtered)",https://www.design.upenn.edu/architecture,Drupal 10,Server-rendered HTML,none,Drupal: server-rendered HTML — requests + BeautifulSoup. Check for /ics (Drupal 7 SAS sites often expose one) and ?page= pagination.,Verified (page fetched),Department events surface on school calendar
Weitzman - City & Regional Planning,Design,Department,"Events (school calendar, filtered)",https://www.design.upenn.edu/city-regional-planning,Drupal 10,Server-rendered HTML,none,Drupal: server-rendered HTML — requests + BeautifulSoup. Check for /ics (Drupal 7 SAS sites often expose one) and ?page= pagination.,Verified (page fetched),
Weitzman - Fine Arts,Design,Department,"Events (school calendar, filtered)",https://www.design.upenn.edu/fine-arts,Drupal 10,Server-rendered HTML,none,Drupal: server-rendered HTML — requests + BeautifulSoup. Check for /ics (Drupal 7 SAS sites often expose one) and ?page= pagination.,Verified (page fetched),
Weitzman - Historic Preservation,Design,Department,"Events (school calendar, filtered)",https://www.design.upenn.edu/historic-preservation,Drupal 10,Server-rendered HTML,none,Drupal: server-rendered HTML — requests + BeautifulSoup. Check for /ics (Drupal 7 SAS sites often expose one) and ?page= pagination.,Verified (page fetched),
Weitzman - Landscape Architecture,Design,Department,"Events (school calendar, filtered)",https://www.design.upenn.edu/landscape-architecture,Drupal 10,Server-rendered HTML,none,Drupal: server-rendered HTML — requests + BeautifulSoup. Check for /ics (Drupal 7 SAS sites often expose one) and ?page= pagination.,Verified (page fetched),
Weitzman - PennPraxis,Design,Center,Events,https://www.design.upenn.edu/pennpraxis,Drupal 10,Server-rendered HTML,none,Drupal: server-rendered HTML — requests + BeautifulSoup. Check for /ics (Drupal 7 SAS sites often expose one) and ?page= pagination.,Verified (page fetched),
Nursing - Barbara Bates Center,Nursing,Center,Events,https://www.nursing.upenn.edu/history/,WordPress,Server-rendered HTML,unknown,WordPress: server-rendered HTML — requests + BeautifulSoup. Try /wp-json/wp/v2/ first; some sites expose events as a custom post type.,Pattern-inferred — confirm URL before scraping,
Nursing - Center for Health Outcomes & Policy Research,Nursing,Center,Events,https://www.nursing.upenn.edu/chopr/,WordPress,Server-rendered HTML,unknown,WordPress: server-rendered HTML — requests + BeautifulSoup. Try /wp-json/wp/v2/ first; some sites expose events as a custom post type.,Pattern-inferred — confirm URL before scraping,
Nursing - Alumni,Nursing,Alumni,Events & Programs,https://www.nursing.upenn.edu/alumni/events-programs/,WordPress,Server-rendered HTML,unknown,WordPress: server-rendered HTML — requests + BeautifulSoup. Try /wp-json/wp/v2/ first; some sites expose events as a custom post type.,Pattern-inferred — confirm URL before scraping,
Penn Libraries - Cultural centers,University Life,Student life,GIC site,https://gic.universitylife.upenn.edu/,WordPress,Server-rendered HTML,unknown,WordPress: server-rendered HTML — requests + BeautifulSoup. Try /wp-json/wp/v2/ first; some sites expose events as a custom post type.,Pattern-inferred — confirm URL before scraping,Cultural Resource Center site
La Casa Latina (site),University Life,Student life,Events,https://lacasa.universitylife.upenn.edu/,WordPress,Server-rendered HTML,unknown,WordPress: server-rendered HTML — requests + BeautifulSoup. Try /wp-json/wp/v2/ first; some sites expose events as a custom post type.,Pattern-inferred — confirm URL before scraping,
LGBT Center (site),University Life,Student life,Events,https://lgbtcenter.universitylife.upenn.edu/,WordPress,Server-rendered HTML,unknown,WordPress: server-rendered HTML — requests + BeautifulSoup. Try /wp-json/wp/v2/ first; some sites expose events as a custom post type.,Pattern-inferred — confirm URL before scraping,
Makuu (site),University Life,Student life,Events,https://makuu.universitylife.upenn.edu/,WordPress,Server-rendered HTML,unknown,WordPress: server-rendered HTML — requests + BeautifulSoup. Try /wp-json/wp/v2/ first; some sites expose events as a custom post type.,Pattern-inferred — confirm URL before scraping,
PAACH (site),University Life,Student life,Events,https://paach.universitylife.upenn.edu/,WordPress,Server-rendered HTML,unknown,WordPress: server-rendered HTML — requests + BeautifulSoup. Try /wp-json/wp/v2/ first; some sites expose events as a custom post type.,Pattern-inferred — confirm URL before scraping,
Penn Women's Center (site),University Life,Student life,Events,https://pwc.universitylife.upenn.edu/,WordPress,Server-rendered HTML,unknown,WordPress: server-rendered HTML — requests + BeautifulSoup. Try /wp-json/wp/v2/ first; some sites expose events as a custom post type.,Pattern-inferred — confirm URL before scraping,
Wharton - Impact Value & Sustainable Business Initiative,Wharton,Initiative,Events HQ,https://impact.wharton.upenn.edu/events-hq/,"WordPress + WPBakery, Salesforce-backed events",Server-rendered HTML; event IDs are Salesforce records (a1W...),none exposed,WordPress: server-rendered HTML — requests + BeautifulSoup. Try /wp-json/wp/v2/ first; some sites expose events as a custom post type.,Verified (page fetched),esg.wharton.upenn.edu/events-hq 302-redirects here
Wharton - Zicklin Center for Governance & Business Ethics,Wharton,Center,Center page / events,https://impact.wharton.upenn.edu/centers-labs/zicklin-center/,WordPress + WPBakery,Server-rendered HTML,none,WordPress: server-rendered HTML — requests + BeautifulSoup. Try /wp-json/wp/v2/ first; some sites expose events as a custom post type.,Verified (page fetched),Normative Business Ethics Workshop
Wharton - Climate Center,Wharton,Center,Center page / events,https://impact.wharton.upenn.edu/centers-labs/climate-center/,WordPress + WPBakery,Server-rendered HTML,none,WordPress: server-rendered HTML — requests + BeautifulSoup. Try /wp-json/wp/v2/ first; some sites expose events as a custom post type.,Verified (page fetched),
Wharton - Mack Institute for Innovation Management,Wharton,Institute,Events and Programs,https://mackinstitute.wharton.upenn.edu/events-and-programs/,WordPress + WPBakery,Server-rendered HTML,none,WordPress: server-rendered HTML — requests + BeautifulSoup. Try /wp-json/wp/v2/ first; some sites expose events as a custom post type.,Verified (page fetched),Spring/Fall conferences
Wharton - Zell/Lurie Real Estate Center,Wharton,Center,Calendar,https://realestate.wharton.upenn.edu/calendar/,WordPress 7.1,Server-rendered month grid; list view available,none,WordPress: server-rendered HTML — requests + BeautifulSoup. Try /wp-json/wp/v2/ first; some sites expose events as a custom post type.,Verified (page fetched),Also /events/
Wharton - Jay H. Baker Retailing Center,Wharton,Center,Events & Conferences,https://bakerretail.wharton.upenn.edu/home-page/events-conferences/,WordPress,Server-rendered HTML,none,WordPress: server-rendered HTML — requests + BeautifulSoup. Try /wp-json/wp/v2/ first; some sites expose events as a custom post type.,Verified (page fetched),
Wharton - Stevens Center for Innovation in Finance,Wharton,Center,Events & Conferences,https://stevenscenter.wharton.upenn.edu/events-conferences/,WordPress,Server-rendered HTML,none,WordPress: server-rendered HTML — requests + BeautifulSoup. Try /wp-json/wp/v2/ first; some sites expose events as a custom post type.,Verified (page fetched),
Wharton - Venture Lab / Entrepreneurship,Wharton,Center,Events,https://entrepreneurship.wharton.upenn.edu/events/,WordPress,Server-rendered HTML,none,WordPress: server-rendered HTML — requests + BeautifulSoup. Try /wp-json/wp/v2/ first; some sites expose events as a custom post type.,Verified (page fetched),Also venturelab.upenn.edu/venture-lab-events
Wharton - Small Business Development Center,Wharton,Center,Calendar of Events,https://whartonsbdc.wharton.upenn.edu/courses/calendar-of-events/,WordPress,Server-rendered HTML,none,WordPress: server-rendered HTML — requests + BeautifulSoup. Try /wp-json/wp/v2/ first; some sites expose events as a custom post type.,Verified (page fetched),
Wharton - Rodney L. White Center for Financial Research,Wharton,Center,Events Archive,https://rodneywhitecenter.wharton.upenn.edu/events-hq/,"WordPress, Salesforce-backed events",Server-rendered HTML,none,WordPress: server-rendered HTML — requests + BeautifulSoup. Try /wp-json/wp/v2/ first; some sites expose events as a custom post type.,Verified (page fetched),
Wharton - Pension Research Council,Wharton,Center,Conferences,https://pensionresearchcouncil.wharton.upenn.edu/conferences/,WordPress,Server-rendered HTML,none,WordPress: server-rendered HTML — requests + BeautifulSoup. Try /wp-json/wp/v2/ first; some sites expose events as a custom post type.,Verified (page fetched),Boettner Center at /boettner/
Wharton - People Analytics,Wharton,Center,Events / conference,https://wpa.wharton.upenn.edu/,WordPress,Server-rendered HTML,none,WordPress: server-rendered HTML — requests + BeautifulSoup. Try /wp-json/wp/v2/ first; some sites expose events as a custom post type.,Verified (page fetched),Annual People Analytics Conference
Wharton - AI & Analytics Initiative,Wharton,Initiative,Events,https://ai-analytics.wharton.upenn.edu/events/,"WordPress, Salesforce-backed events",Server-rendered HTML,none,WordPress: server-rendered HTML — requests + BeautifulSoup. Try /wp-json/wp/v2/ first; some sites expose events as a custom post type.,Verified (page fetched),Centers & labs sub-pages
Wharton - Neuroscience Initiative,Wharton,Initiative,Events HQ,https://neuro.wharton.upenn.edu/events-hq/,"WordPress, Salesforce-backed events",Server-rendered HTML,none,WordPress: server-rendered HTML — requests + BeautifulSoup. Try /wp-json/wp/v2/ first; some sites expose events as a custom post type.,Verified (page fetched),
Wharton - Behavior Change for Good Initiative,Wharton,Initiative,Events,https://bcfg.wharton.upenn.edu/events-fall25-spring26/,WordPress,Server-rendered HTML,none,WordPress: server-rendered HTML — requests + BeautifulSoup. Try /wp-json/wp/v2/ first; some sites expose events as a custom post type.,Verified (page fetched),
Wharton - Finance at Wharton,Wharton,Pillar,Events,https://finance-pillar.wharton.upenn.edu/events/,WordPress,Server-rendered HTML,none,WordPress: server-rendered HTML — requests + BeautifulSoup. Try /wp-json/wp/v2/ first; some sites expose events as a custom post type.,Verified (page fetched),
Wharton - Finance Department,Wharton,Department,Department Seminars,https://fnce.wharton.upenn.edu/department-information/seminars/,WordPress,Server-rendered HTML,none,WordPress: server-rendered HTML — requests + BeautifulSoup. Try /wp-json/wp/v2/ first; some sites expose events as a custom post type.,Verified (page fetched),Micro/macro seminar sub-pages
Wharton - Accounting Department,Wharton,Department,Workshops,https://accounting.wharton.upenn.edu/research/workshops/,WordPress,Server-rendered HTML,none,WordPress: server-rendered HTML — requests + BeautifulSoup. Try /wp-json/wp/v2/ first; some sites expose events as a custom post type.,Verified (page fetched),Conferences at /research/conferences/
Wharton - Operations Information & Decisions (OID),Wharton,Department,Seminars / Conferences,https://oid.wharton.upenn.edu/department-information/seminars-conferences/,WordPress,Server-rendered HTML,none,WordPress: server-rendered HTML — requests + BeautifulSoup. Try /wp-json/wp/v2/ first; some sites expose events as a custom post type.,Verified (page fetched),
Wharton - Legal Studies & Business Ethics,Wharton,Department,Seminars / Conferences,https://lgst.wharton.upenn.edu/department-information/seminars-conferences-2/,WordPress,Server-rendered HTML,none,WordPress: server-rendered HTML — requests + BeautifulSoup. Try /wp-json/wp/v2/ first; some sites expose events as a custom post type.,Verified (page fetched),
Wharton - Jacobs Levy Equity Management Center,Wharton,Center,Events,https://jacobslevycenter.wharton.upenn.edu/,WordPress,Server-rendered HTML,none,WordPress: server-rendered HTML — requests + BeautifulSoup. Try /wp-json/wp/v2/ first; some sites expose events as a custom post type.,Verified (page fetched),
Wharton - Center for Human Resources,Wharton,Center,Events,https://chr.wharton.upenn.edu/upcoming-events/,WordPress,Server-rendered HTML,none,WordPress: server-rendered HTML — requests + BeautifulSoup. Try /wp-json/wp/v2/ first; some sites expose events as a custom post type.,Verified (page fetched),
Wharton - Center for Leadership and Change Management,Wharton,Center,Events,https://leadershipcenter.wharton.upenn.edu/,WordPress,Server-rendered HTML,none,WordPress: server-rendered HTML — requests + BeautifulSoup. Try /wp-json/wp/v2/ first; some sites expose events as a custom post type.,Verified (page fetched),
Wharton - Fishman-Davidson Center,Wharton,Center,Events,https://fishmandavidson.wharton.upenn.edu/,WordPress,Server-rendered HTML,none,WordPress: server-rendered HTML — requests + BeautifulSoup. Try /wp-json/wp/v2/ first; some sites expose events as a custom post type.,Verified (page fetched),
Wharton - Penn Wharton Budget Model,Wharton,Center,Events,https://budgetmodel.wharton.upenn.edu/,WordPress,Server-rendered HTML,none,WordPress: server-rendered HTML — requests + BeautifulSoup. Try /wp-json/wp/v2/ first; some sites expose events as a custom post type.,Verified (page fetched),
Wharton - Global Family Alliance,Wharton,Center,Events,https://wgfa.wharton.upenn.edu/,WordPress,Server-rendered HTML,none,WordPress: server-rendered HTML — requests + BeautifulSoup. Try /wp-json/wp/v2/ first; some sites expose events as a custom post type.,Verified (page fetched),
Wharton - Sports Analytics & Business Initiative,Wharton,Initiative,Events,https://wsb.wharton.upenn.edu/,WordPress,Server-rendered HTML,none,WordPress: server-rendered HTML — requests + BeautifulSoup. Try /wp-json/wp/v2/ first; some sites expose events as a custom post type.,Verified (page fetched),
Wharton - Harris Family Alternative Investments Program,Wharton,Program,Events,https://altinvest.wharton.upenn.edu/,WordPress,Server-rendered HTML,none,WordPress: server-rendered HTML — requests + BeautifulSoup. Try /wp-json/wp/v2/ first; some sites expose events as a custom post type.,Verified (page fetched),
Wharton - Future of Finance Initiative,Wharton,Initiative,Events,https://wffi.wharton.upenn.edu/,WordPress,Server-rendered HTML,none,WordPress: server-rendered HTML — requests + BeautifulSoup. Try /wp-json/wp/v2/ first; some sites expose events as a custom post type.,Verified (page fetched),
Wharton - Human-AI Research,Wharton,Initiative,Events,https://ai.wharton.upenn.edu/,WordPress,Server-rendered HTML,none,WordPress: server-rendered HTML — requests + BeautifulSoup. Try /wp-json/wp/v2/ first; some sites expose events as a custom post type.,Verified (page fetched),
Penn Wharton China Center,Penn Global,Center,Events,https://global.upenn.edu/pwcc/,WordPress,Server-rendered HTML,none,WordPress: server-rendered HTML — requests + BeautifulSoup. Try /wp-json/wp/v2/ first; some sites expose events as a custom post type.,Verified (page fetched),
Venture Lab,University,Center,Venture Lab Events,https://venturelab.upenn.edu/venture-lab-events,WordPress,Server-rendered HTML,none,WordPress: server-rendered HTML — requests + BeautifulSoup. Try /wp-json/wp/v2/ first; some sites expose events as a custom post type.,Verified (page fetched),
Career Services,University Life,Student services,Events,https://careerservices.upenn.edu/events/default/,WordPress (uConnect) + Handshake,"Server-rendered HTML, paginated",none exposed; Handshake API for employer events,WordPress: server-rendered HTML — requests + BeautifulSoup. Try /wp-json/wp/v2/ first; some sites expose events as a custom post type.,Verified (page fetched),Handshake at upenn.joinhandshake.com
Center for Undergraduate Research & Fellowships (CURF),University,Center,Events,https://curf.upenn.edu/events,Drupal 10,Server-rendered HTML,none,Drupal: server-rendered HTML — requests + BeautifulSoup. Check for /ics (Drupal 7 SAS sites often expose one) and ?page= pagination.,Verified (page fetched),
Penn Libraries - Workshops (LibCal),Libraries,Library,Monthly calendar - all workshops,https://guides.library.upenn.edu/workshops,Springshare LibCal (embedded),Iframe widget from api3.libcal.com; not in page HTML,"api3.libcal.com/embed_calendar.php?iid=335&cal_id=652,653,654,659...","Springshare LibCal: the page embeds an iframe. Use the LibCal API (api3.libcal.com) or the per-calendar ICS, keyed by cal_id.",Verified (page fetched),Aggregates 15+ branch/department LibCal calendars
Lippincott Library (Business),Libraries,Library,Business workshops (LibCal),https://guides.library.upenn.edu/workshops/businessworkshops,Springshare LibCal,Iframe widget,LibCal API/ICS per cal_id,"Springshare LibCal: the page embeds an iframe. Use the LibCal API (api3.libcal.com) or the per-calendar ICS, keyed by cal_id.",Verified (page fetched),
SNF Paideia Program,University,Program,Events,https://snfpaideia.upenn.edu/engage/events/,WordPress,Server-rendered HTML (often empty between terms),none,WordPress: server-rendered HTML — requests + BeautifulSoup. Try /wp-json/wp/v2/ first; some sites expose events as a custom post type.,Verified (page fetched),
Wellness at Penn,University Life,Health,Upcoming Wellness Events and Programs,https://wellness.upenn.edu/events,Drupal 10,Server-rendered HTML + calendar widget,none,Drupal: server-rendered HTML — requests + BeautifulSoup. Check for /ics (Drupal 7 SAS sites often expose one) and ?page= pagination.,Verified (page fetched),
Penn Campus Recreation,Athletics,Recreation,Penn Rec Portal / offerings,https://recreationwebportal.dria.upenn.edu/,DRIA rec portal (Fusion),JS-rendered portal,none,"Vendor rec portal: JS-rendered, no public feed. Scraping needs a headless browser.",Verified (page fetched),Main site recreation.upenn.edu is SIDEARM
Financial Wellness @ Penn,SRFS,Student services,Events & Deadlines,https://srfs.upenn.edu/financial-wellness/financial-wellness-events-and-deadlines,Drupal,Server-rendered HTML,none,Drupal: server-rendered HTML — requests + BeautifulSoup. Check for /ics (Drupal 7 SAS sites often expose one) and ?page= pagination.,Verified (page fetched),
Netter Center for Community Partnerships,University,Center,Events,https://www.nettercenter.upenn.edu/,Drupal,Server-rendered HTML,none,Drupal: server-rendered HTML — requests + BeautifulSoup. Check for /ics (Drupal 7 SAS sites often expose one) and ?page= pagination.,Verified (page fetched),Newsletter signup at /get-involved/newsletter
PSOM - Neurology,Medicine,Department,Events Calendar (LiveWhale group),https://events.med.upenn.edu/neurology/,LiveWhale Calendar,JS-rendered,LiveWhale ics/RSS via Subscribe,"LiveWhale: the HTML is injected by JS, so scraping the page fails. Use the group feed instead — append ?format=json or ?format=ics to the group URL, or build one from the calendar's Subscribe button.",Verified (page fetched),
PSOM - Neurosurgery,Medicine,Department,Events Calendar (LiveWhale group),https://events.med.upenn.edu/neurosurgery/,LiveWhale Calendar,JS-rendered,LiveWhale ics/RSS,"LiveWhale: the HTML is injected by JS, so scraping the page fails. Use the group feed instead — append ?format=json or ?format=ics to the group URL, or build one from the calendar's Subscribe button.",Verified (page fetched),
PSOM - Pediatrics,Medicine,Department,Events Calendar (LiveWhale group),https://events.med.upenn.edu/pediatrics/,LiveWhale Calendar,JS-rendered,LiveWhale ics/RSS,"LiveWhale: the HTML is injected by JS, so scraping the page fails. Use the group feed instead — append ?format=json or ?format=ics to the group URL, or build one from the calendar's Subscribe button.",Verified (page fetched),
PSOM - Pathology & Laboratory Medicine,Medicine,Department,Events Calendar (LiveWhale group),https://events.med.upenn.edu/pathology/,LiveWhale Calendar,JS-rendered,LiveWhale ics/RSS,"LiveWhale: the HTML is injected by JS, so scraping the page fails. Use the group feed instead — append ?format=json or ?format=ics to the group URL, or build one from the calendar's Subscribe button.",Verified (page fetched),Grand Rounds series
PSOM - Dermatology,Medicine,Department,Events Calendar (LiveWhale group),https://events.med.upenn.edu/dermatology/,LiveWhale Calendar,JS-rendered,LiveWhale ics/RSS,"LiveWhale: the HTML is injected by JS, so scraping the page fails. Use the group feed instead — append ?format=json or ?format=ics to the group URL, or build one from the calendar's Subscribe button.",Verified (page fetched),
PSOM - Ophthalmology,Medicine,Department,Events Calendar (LiveWhale group),https://events.med.upenn.edu/ophthalmology/,LiveWhale Calendar,JS-rendered,LiveWhale ics/RSS,"LiveWhale: the HTML is injected by JS, so scraping the page fails. Use the group feed instead — append ?format=json or ?format=ics to the group URL, or build one from the calendar's Subscribe button.",Verified (page fetched),
PSOM - OB-Gyn Oncology,Medicine,Division,Events Calendar (LiveWhale group),https://events.med.upenn.edu/gyn-onc/,LiveWhale Calendar,JS-rendered,LiveWhale ics/RSS,"LiveWhale: the HTML is injected by JS, so scraping the page fails. Use the group feed instead — append ?format=json or ?format=ics to the group URL, or build one from the calendar's Subscribe button.",Verified (page fetched),
PSOM - Genetics,Medicine,Department,Events Calendar (LiveWhale group),https://events.med.upenn.edu/genetics/,LiveWhale Calendar,JS-rendered,LiveWhale ics/RSS,"LiveWhale: the HTML is injected by JS, so scraping the page fails. Use the group feed instead — append ?format=json or ?format=ics to the group URL, or build one from the calendar's Subscribe button.",Verified (page fetched),
PSOM - Microbiology,Medicine,Department,Events Calendar (LiveWhale group),https://events.med.upenn.edu/microbiology/,LiveWhale Calendar,JS-rendered,LiveWhale ics/RSS,"LiveWhale: the HTML is injected by JS, so scraping the page fails. Use the group feed instead — append ?format=json or ?format=ics to the group URL, or build one from the calendar's Subscribe button.",Verified (page fetched),Also static page at med.upenn.edu/micro
PSOM - Cancer Biology,Medicine,Department,Events Calendar (LiveWhale group),https://events.med.upenn.edu/cancer-bio/,LiveWhale Calendar,JS-rendered,LiveWhale ics/RSS,"LiveWhale: the HTML is injected by JS, so scraping the page fails. Use the group feed instead — append ?format=json or ?format=ics to the group URL, or build one from the calendar's Subscribe button.",Verified (page fetched),
PSOM - Graduate Medical Education,Medicine,Office,Events Calendar (LiveWhale group),https://events.med.upenn.edu/gme/,LiveWhale Calendar,JS-rendered,LiveWhale ics/RSS,"LiveWhale: the HTML is injected by JS, so scraping the page fails. Use the group feed instead — append ?format=json or ?format=ics to the group URL, or build one from the calendar's Subscribe button.",Verified (page fetched),
PSOM - Office of Clinical Research,Medicine,Office,Events Calendar (LiveWhale group),https://events.med.upenn.edu/ocr/,LiveWhale Calendar,JS-rendered,LiveWhale ics/RSS,"LiveWhale: the HTML is injected by JS, so scraping the page fails. Use the group feed instead — append ?format=json or ?format=ics to the group URL, or build one from the calendar's Subscribe button.",Verified (page fetched),
PSOM - Mahoney Institute for Neurosciences,Medicine,Institute,Events Calendar (LiveWhale group),https://events.med.upenn.edu/mins/,LiveWhale Calendar,JS-rendered,LiveWhale ics/RSS,"LiveWhale: the HTML is injected by JS, so scraping the page fails. Use the group feed instead — append ?format=json or ?format=ics to the group URL, or build one from the calendar's Subscribe button.",Verified (page fetched),
PSOM - Penn-CHOP Lung Biology Institute,Medicine,Institute,Events Calendar (LiveWhale group),https://events.med.upenn.edu/lbi/,LiveWhale Calendar,JS-rendered,LiveWhale ics/RSS,"LiveWhale: the HTML is injected by JS, so scraping the page fails. Use the group feed instead — append ?format=json or ?format=ics to the group URL, or build one from the calendar's Subscribe button.",Verified (page fetched),
PSOM - Abramson Family Cancer Research Institute,Medicine,Institute,Events Calendar (LiveWhale group),https://events.med.upenn.edu/afcri/,LiveWhale Calendar,JS-rendered,LiveWhale ics/RSS,"LiveWhale: the HTML is injected by JS, so scraping the page fails. Use the group feed instead — append ?format=json or ?format=ics to the group URL, or build one from the calendar's Subscribe button.",Verified (page fetched),Main site afcri.upenn.edu
PSOM - Center for Clinical Epidemiology & Biostatistics,Medicine,Center,Events Calendar (LiveWhale group),https://events.med.upenn.edu/cceb/,LiveWhale Calendar,JS-rendered,LiveWhale ics/RSS,"LiveWhale: the HTML is injected by JS, so scraping the page fails. Use the group feed instead — append ?format=json or ?format=ics to the group URL, or build one from the calendar's Subscribe button.",Verified (page fetched),
PSOM - Institute for Immunology & Immune Health,Medicine,Institute,Events Calendar (LiveWhale group),https://events.med.upenn.edu/ifi,LiveWhale Calendar,JS-rendered,LiveWhale ics/RSS,"LiveWhale: the HTML is injected by JS, so scraping the page fails. Use the group feed instead — append ?format=json or ?format=ics to the group URL, or build one from the calendar's Subscribe button.",Verified (page fetched),
PSOM - Immunology Graduate Group,Medicine,Graduate group,Events Calendar (LiveWhale group),https://events.med.upenn.edu/igg/,LiveWhale Calendar,JS-rendered,LiveWhale ics/RSS,"LiveWhale: the HTML is injected by JS, so scraping the page fails. Use the group feed instead — append ?format=json or ?format=ics to the group URL, or build one from the calendar's Subscribe button.",Verified (page fetched),
PSOM - Center for Cellular Immunotherapy,Medicine,Center,Events Calendar (LiveWhale group),https://events.med.upenn.edu/cci/,LiveWhale Calendar,JS-rendered,LiveWhale ics/RSS,"LiveWhale: the HTML is injected by JS, so scraping the page fails. Use the group feed instead — append ?format=json or ?format=ics to the group URL, or build one from the calendar's Subscribe button.",Verified (page fetched),
PSOM - Institute for Translational Medicine & Therapeutics,Medicine,Institute,Events Calendar (LiveWhale group),https://events.med.upenn.edu/itmat/,LiveWhale Calendar,JS-rendered,LiveWhale ics/RSS,"LiveWhale: the HTML is injected by JS, so scraping the page fails. Use the group feed instead — append ?format=json or ?format=ics to the group URL, or build one from the calendar's Subscribe button.",Verified (page fetched),Seminars page at itmat.upenn.edu/seminars.html
PSOM - Epigenetics Institute,Medicine,Institute,Upcoming Events,https://hosting.med.upenn.edu/epigenetics/calendar/list/,WordPress + The Events Calendar,Server-rendered HTML,/calendar/list/?ical=1 ; TEC REST API,"WordPress ""The Events Calendar"": use /wp-json/tribe/events/v1/events (JSON, paginated) — cleanest option. ?ical=1 on any view gives .ics.",Verified (page fetched),Also LiveWhale group /epigenetics/
PSOM - General Interest,Medicine,School,PSOM General Interest (LiveWhale group),https://events.med.upenn.edu/psomgeneral/,LiveWhale Calendar,JS-rendered,LiveWhale ics/RSS,"LiveWhale: the HTML is injected by JS, so scraping the page fails. Use the group feed instead — append ?format=json or ?format=ics to the group URL, or build one from the calendar's Subscribe button.",Verified (page fetched),
PSOM - All Events,Medicine,School,All Events,https://events.med.upenn.edu/all,LiveWhale Calendar,JS-rendered,LiveWhale ics/RSS,"LiveWhale: the HTML is injected by JS, so scraping the page fails. Use the group feed instead — append ?format=json or ?format=ics to the group URL, or build one from the calendar's Subscribe button.",Verified (page fetched),Best single entry point for PSOM
Penn Engineering - PRECISE Center,Engineering,Center,Event Listing,https://precise.seas.upenn.edu/events,Drupal 8,Server-rendered HTML,none,Drupal: server-rendered HTML — requests + BeautifulSoup. Check for /ics (Drupal 7 SAS sites often expose one) and ?page= pagination.,Verified (page fetched),
Penn Engineering - GRASP Lab,Engineering,Lab,Seminars,https://www.grasp.upenn.edu/events/category/seminars/,WordPress + The Events Calendar,Server-rendered HTML,?ical=1 ; TEC REST API,"WordPress ""The Events Calendar"": use /wp-json/tribe/events/v1/events (JSON, paginated) — cleanest option. ?ical=1 on any view gives .ics.",Verified (page fetched),
Penn Engineering - LRSM,Engineering,Lab,Events,https://www.lrsm.upenn.edu/events/,WordPress,Server-rendered HTML,unknown,WordPress: server-rendered HTML — requests + BeautifulSoup. Try /wp-json/wp/v2/ first; some sites expose events as a custom post type.,Pattern-inferred — confirm URL before scraping,
Penn Engineering - Singh Center for Nanotechnology,Engineering,Center,Events,https://www.nano.upenn.edu/events/,WordPress,Server-rendered HTML,unknown,WordPress: server-rendered HTML — requests + BeautifulSoup. Try /wp-json/wp/v2/ first; some sites expose events as a custom post type.,Pattern-inferred — confirm URL before scraping,
Penn Engineering - Warren Center for Network & Data Sciences,Engineering,Center,Events,https://warrencenter.upenn.edu/events/,WordPress,Server-rendered HTML,unknown,WordPress: server-rendered HTML — requests + BeautifulSoup. Try /wp-json/wp/v2/ first; some sites expose events as a custom post type.,Pattern-inferred — confirm URL before scraping,VERIFY: /events/ resolved to a single conference page; check warrencenter.upenn.edu for the listing index. 
Penn Engineering - ASSET Center,Engineering,Center,Events,https://asset.seas.upenn.edu/events/,WordPress,Server-rendered HTML,unknown,WordPress: server-rendered HTML — requests + BeautifulSoup. Try /wp-json/wp/v2/ first; some sites expose events as a custom post type.,Pattern-inferred — confirm URL before scraping,ASSET Seminar appears on school calendar
Penn Engineering - CEMB,Engineering,Center,Events,https://cemb.upenn.edu/events/,WordPress,Server-rendered HTML,unknown,WordPress: server-rendered HTML — requests + BeautifulSoup. Try /wp-json/wp/v2/ first; some sites expose events as a custom post type.,Pattern-inferred — confirm URL before scraping,
Penn Engineering - Penn Health-Tech,Engineering,Center,Events,https://healthtech.upenn.edu/events/,WordPress,Server-rendered HTML,unknown,WordPress: server-rendered HTML — requests + BeautifulSoup. Try /wp-json/wp/v2/ first; some sites expose events as a custom post type.,Pattern-inferred — confirm URL before scraping,
Penn Engineering - PICS,Engineering,Institute,Events,http://www.pics.upenn.edu/events,WordPress,Server-rendered HTML,unknown,WordPress: server-rendered HTML — requests + BeautifulSoup. Try /wp-json/wp/v2/ first; some sites expose events as a custom post type.,Pattern-inferred — confirm URL before scraping,
Penn Engineering - Linguistic Data Consortium,Engineering,Center,Events,https://www.ldc.upenn.edu/,Drupal,Server-rendered HTML,unknown,Drupal: server-rendered HTML — requests + BeautifulSoup. Check for /ics (Drupal 7 SAS sites often expose one) and ?page= pagination.,Pattern-inferred — confirm URL before scraping,
Penn Engineering - MEAM research centers,Engineering,Department,Research Centers,https://www.me.upenn.edu/research/research-centers/,WordPress,Server-rendered HTML,unknown,WordPress: server-rendered HTML — requests + BeautifulSoup. Try /wp-json/wp/v2/ first; some sites expose events as a custom post type.,Pattern-inferred — confirm URL before scraping,
SAS - Andrea Mitchell Center for the Study of Democracy,SAS,Center,Events & Workshops,https://amc.sas.upenn.edu/events-workshops,Drupal 7,Server-rendered hub; series sub-pages carry listings,none,Drupal: server-rendered HTML — requests + BeautifulSoup. Check for /ics (Drupal 7 SAS sites often expose one) and ?page= pagination.,Verified (page fetched),"Series: Penn Political Union, Politics on the Edge"
SAS - Middle East Center,SAS,Center,Events,https://mec.sas.upenn.edu/events,Drupal,Server-rendered HTML,none,Drupal: server-rendered HTML — requests + BeautifulSoup. Check for /ics (Drupal 7 SAS sites often expose one) and ?page= pagination.,Verified (page fetched),
SAS - Center for East Asian Studies,SAS,Center,Events,https://ceas.sas.upenn.edu/events,Drupal,Server-rendered HTML,none,Drupal: server-rendered HTML — requests + BeautifulSoup. Check for /ics (Drupal 7 SAS sites often expose one) and ?page= pagination.,Verified (page fetched),
SAS - Center for the Study of Contemporary China,SAS,Center,Events,https://cscc.sas.upenn.edu/events,Drupal,Server-rendered HTML,none,Drupal: server-rendered HTML — requests + BeautifulSoup. Check for /ics (Drupal 7 SAS sites often expose one) and ?page= pagination.,Verified (page fetched),Weekly Forums and Conferences sub-pages
SAS - James Joo-Jin Kim Center for Korean Studies,SAS,Center,Events,https://korea.sas.upenn.edu/events,Drupal,Server-rendered HTML,none,Drupal: server-rendered HTML — requests + BeautifulSoup. Check for /ics (Drupal 7 SAS sites often expose one) and ?page= pagination.,Verified (page fetched),
SAS - Center for the Advanced Study of India,SAS,Center,Events,https://casi.sas.upenn.edu/events,Drupal,Server-rendered HTML,none,Drupal: server-rendered HTML — requests + BeautifulSoup. Check for /ics (Drupal 7 SAS sites often expose one) and ?page= pagination.,Verified (page fetched),
SAS - Price Lab for Digital Humanities,SAS,Center,Events,https://pricelab.sas.upenn.edu/events,Drupal,Server-rendered HTML,none,Drupal: server-rendered HTML — requests + BeautifulSoup. Check for /ics (Drupal 7 SAS sites often expose one) and ?page= pagination.,Verified (page fetched),
SAS - Positive Psychology Center,SAS,Center,Conferences / events,https://ppc.sas.upenn.edu/opportunities/conferences,Drupal,Server-rendered HTML,none,Drupal: server-rendered HTML — requests + BeautifulSoup. Check for /ics (Drupal 7 SAS sites often expose one) and ?page= pagination.,Verified (page fetched),
SAS - Population Studies Center,SAS,Center,Events / colloquia,https://www.pop.upenn.edu/,Drupal,Server-rendered HTML,none,Drupal: server-rendered HTML — requests + BeautifulSoup. Check for /ics (Drupal 7 SAS sites often expose one) and ?page= pagination.,Verified (page fetched),PARC affiliated
SAS - Penn Language Center,SAS,Center,Events,https://plc.sas.upenn.edu/,Drupal,Server-rendered HTML,none,Drupal: server-rendered HTML — requests + BeautifulSoup. Check for /ics (Drupal 7 SAS sites often expose one) and ?page= pagination.,Verified (page fetched),
SAS - Native American & Indigenous Studies,SAS,Program,Events,https://nais.sas.upenn.edu/events,Drupal,Server-rendered HTML,none,Drupal: server-rendered HTML — requests + BeautifulSoup. Check for /ics (Drupal 7 SAS sites often expose one) and ?page= pagination.,Verified (page fetched),
SAS - Asian American Studies,SAS,Program,Events,https://asam.sas.upenn.edu/events,Drupal,Server-rendered HTML,none,Drupal: server-rendered HTML — requests + BeautifulSoup. Check for /ics (Drupal 7 SAS sites often expose one) and ?page= pagination.,Verified (page fetched),
SAS - Center for Italian Studies,SAS,Center,Events,https://italian.sas.upenn.edu/events,Drupal,Server-rendered HTML,none,Drupal: server-rendered HTML — requests + BeautifulSoup. Check for /ics (Drupal 7 SAS sites often expose one) and ?page= pagination.,Verified (page fetched),
SAS - Center for Experimental Ethnography,SAS,Center,Events,https://www.ceepenn.org/,Squarespace,Server-rendered HTML,unknown,Squarespace: server-rendered; append ?format=json to most URLs for structured data.,Pattern-inferred — confirm URL before scraping,External domain
SAS - McNeil Center for Early American Studies,SAS,Center,Events,http://www.mceas.org/,Custom,Server-rendered HTML,unknown,Server-rendered HTML — requests + BeautifulSoup; confirm the selector before relying on it.,Pattern-inferred — confirm URL before scraping,External domain
SAS - Penn Program in Environmental Humanities,SAS,Program,Events,http://www.ppehlab.org/,WordPress,Server-rendered HTML,unknown,WordPress: server-rendered HTML — requests + BeautifulSoup. Try /wp-json/wp/v2/ first; some sites expose events as a custom post type.,Pattern-inferred — confirm URL before scraping,External domain
SAS - Water Center at Penn,SAS,Center,Events,https://watercenter.sas.upenn.edu/events/,WordPress,Server-rendered HTML,unknown,WordPress: server-rendered HTML — requests + BeautifulSoup. Try /wp-json/wp/v2/ first; some sites expose events as a custom post type.,Pattern-inferred — confirm URL before scraping,
Kleinman Center for Energy Policy,Design,Center,Events,https://kleinmanenergy.upenn.edu/events/,WordPress 7.0.3,Server-rendered HTML,none,WordPress: server-rendered HTML — requests + BeautifulSoup. Try /wp-json/wp/v2/ first; some sites expose events as a custom post type.,Verified (page fetched),Signature Events sub-page; Energy Week
Leonard Davis Institute of Health Economics,University,Institute,Events,https://ldi.upenn.edu/events/,WordPress,Server-rendered HTML,"Per-event iCal/.ics, Google, Outlook, Yahoo links",WordPress: server-rendered HTML — requests + BeautifulSoup. Try /wp-json/wp/v2/ first; some sites expose events as a custom post type.,Verified (page fetched),No central feed
Ian L. McHarg Center,Design,Center,Events,https://www.design.upenn.edu/ian-l-mcharg-center/events,Drupal 10,Server-rendered HTML,none,Drupal: server-rendered HTML — requests + BeautifulSoup. Check for /ics (Drupal 7 SAS sites often expose one) and ?page= pagination.,Verified (page fetched),
Penn GSE Collaboratory,GSE,Center,Recent & Upcoming Events,https://collaboratory.gse.upenn.edu/recent-and-upcoming-events,Drupal,Server-rendered HTML,unknown,Drupal: server-rendered HTML — requests + BeautifulSoup. Check for /ics (Drupal 7 SAS sites often expose one) and ?page= pagination.,Pattern-inferred — confirm URL before scraping,
SP2 - Research Centers & Projects,SP2,School,Centers index (each lists events),https://sp2.upenn.edu/research-centers-projects/,WordPress,Server-rendered HTML,unknown,WordPress: server-rendered HTML — requests + BeautifulSoup. Try /wp-json/wp/v2/ first; some sites expose events as a custom post type.,Pattern-inferred — confirm URL before scraping,"Ortner Center, Field Center, Center for Guaranteed Income"
Penn Human Resources,HR,Staff,Upcoming Events and Workshops,https://www.hr.upenn.edu/PennHR/wellness-worklife/upcoming-events-and-workshops,Custom ASP/Sitecore,Server-rendered HTML,none,"WordPress ""The Events Calendar"": use /wp-json/tribe/events/v1/events (JSON, paginated) — cleanest option. ?ical=1 on any view gives .ics.",Verified (page fetched),Also Learn & Grow training calendar
"Penn HR - Trainings, Courses & Webinars",HR,Staff,"Trainings, Courses, and Webinars",https://www.hr.upenn.edu/PennHR/learn-grow/trainings-courses-and-webinars,Custom ASP/Sitecore,Server-rendered HTML,none,"WordPress ""The Events Calendar"": use /wp-json/tribe/events/v1/events (JSON, paginated) — cleanest option. ?ical=1 on any view gives .ics.",Verified (page fetched),Knowledge Link LMS behind it
"Center for Excellence in Teaching, Learning & Innovation",Provost,Faculty,Events / programs,https://cetli.upenn.edu/,WordPress,Server-rendered HTML,unknown,WordPress: server-rendered HTML — requests + BeautifulSoup. Try /wp-json/wp/v2/ first; some sites expose events as a custom post type.,Pattern-inferred — confirm URL before scraping,
Weingarten Center,University Life,Student services,Workshops and Programs,https://weingartencenter.universitylife.upenn.edu/academic-support/workshopsandprograms/,WordPress,Server-rendered HTML,unknown,WordPress: server-rendered HTML — requests + BeautifulSoup. Try /wp-json/wp/v2/ first; some sites expose events as a custom post type.,Pattern-inferred — confirm URL before scraping,
Office of Postdoctoral Affairs,Provost,Postdocs,Events,https://postdocs.upenn.edu/event/,WordPress,Server-rendered HTML,unknown,WordPress: server-rendered HTML — requests + BeautifulSoup. Try /wp-json/wp/v2/ first; some sites expose events as a custom post type.,Pattern-inferred — confirm URL before scraping,
Penn Faculty Senate,University,Faculty,Events,https://facultysenate.upenn.edu/events/,WordPress 7.0.4 + The Events Calendar,Server-rendered HTML,/events/?ical=1 ; TEC REST API,"WordPress ""The Events Calendar"": use /wp-json/tribe/events/v1/events (JSON, paginated) — cleanest option. ?ical=1 on any view gives .ics.",Verified (page fetched),Event archives by year
Penn Alumni,Alumni,Alumni,Calendar of Events,https://www.alumni.upenn.edu/events,iModules / Anthology Encompass,Server-rendered ASPX with query-string calendar IDs,none exposed,"iModules/Anthology: ASPX pages keyed by query-string calendar IDs. Server-rendered, but brittle — parse carefully.",Verified (page fetched),Homecoming and Alumni Weekend sub-pages
Penn Admissions,Admissions,Admissions,Virtual Events,https://admissions.upenn.edu/visit-connect/visit-penn/virtual-events,WordPress,Server-rendered HTML,none,WordPress: server-rendered HTML — requests + BeautifulSoup. Try /wp-json/wp/v2/ first; some sites expose events as a custom post type.,Verified (page fetched),
Penn Admissions - Applicant portal,Admissions,Admissions,Events (Slate portal),https://key.admissions.upenn.edu/portal/events,Technolutions Slate,"JS-assisted portal, login-gated in places",none,"WordPress ""The Events Calendar"": use /wp-json/tribe/events/v1/events (JSON, paginated) — cleanest option. ?ical=1 on any view gives .ics.",Verified (page fetched),Campus visit / virtual info sub-portals
Office of Student Affairs,University Life,Student life,Student Government / events,https://osa.universitylife.upenn.edu/govt/,WordPress,Server-rendered HTML,unknown,WordPress: server-rendered HTML — requests + BeautifulSoup. Try /wp-json/wp/v2/ first; some sites expose events as a custom post type.,Pattern-inferred — confirm URL before scraping,
GAPSA,University Life,Student government,Events,https://www.gapsa.upenn.edu/,WordPress,Server-rendered HTML,unknown,WordPress: server-rendered HTML — requests + BeautifulSoup. Try /wp-json/wp/v2/ first; some sites expose events as a custom post type.,Pattern-inferred — confirm URL before scraping,
University Life (VPUL legacy),University Life,University-wide,Events,https://vpul.upenn.edu/events.php,Custom PHP,Server-rendered HTML,ulife ICS,"Static server-rendered HTML — requests + BeautifulSoup. Layout is hand-maintained, so selectors may drift.",Verified (page fetched),Legacy entry point to ulife calendar
University Life Space & Events,University Life,Venues,Venues,https://spaceandevents.universitylife.upenn.edu/venues/,WordPress,Server-rendered HTML,unknown,WordPress: server-rendered HTML — requests + BeautifulSoup. Try /wp-json/wp/v2/ first; some sites expose events as a custom post type.,Pattern-inferred — confirm URL before scraping,Room/venue booking rather than events
Penn Libraries - Upcoming Events,Libraries,Library,Upcoming Events,https://www.library.upenn.edu/events/upcoming,Drupal 10,Server-rendered HTML,none,Drupal: server-rendered HTML — requests + BeautifulSoup. Check for /ics (Drupal 7 SAS sites often expose one) and ?page= pagination.,Verified (page fetched),
Penn Libraries - Exhibits,Libraries,Library,Exhibits,https://www.library.upenn.edu/exhibits,Drupal 10,Server-rendered HTML,none,Drupal: server-rendered HTML — requests + BeautifulSoup. Check for /ics (Drupal 7 SAS sites often expose one) and ?page= pagination.,Derived from a verified index page,
Penn Museum Library,Libraries,Library,Events and Exhibits,https://www.library.upenn.edu/museum/events-and-exhibits,Drupal 10,Server-rendered HTML,none,Drupal: server-rendered HTML — requests + BeautifulSoup. Check for /ics (Drupal 7 SAS sites often expose one) and ?page= pagination.,Verified (page fetched),Workshops guide at guides.library.upenn.edu/muselibworkshops
Penn Athletics - Baseball,Athletics,Athletics (team schedule),Baseball Schedule,https://pennathletics.com/sports/baseball/schedule,SIDEARM Sports (NextGen),Server-rendered with JS enhancement; schedule data also available as JSON,SIDEARM per-sport ICS/JSON schedule endpoints,SIDEARM Sports: per-sport schedule JSON endpoints and ICS exports; prefer those over the rendered page.,Derived from a verified index page,Composite view at pennathletics.com/calendar
Penn Athletics - Men's Basketball,Athletics,Athletics (team schedule),Men's Basketball Schedule,https://pennathletics.com/sports/mens-basketball/schedule,SIDEARM Sports (NextGen),Server-rendered with JS enhancement; schedule data also available as JSON,SIDEARM per-sport ICS/JSON schedule endpoints,SIDEARM Sports: per-sport schedule JSON endpoints and ICS exports; prefer those over the rendered page.,Derived from a verified index page,Composite view at pennathletics.com/calendar
Penn Athletics - Men's Cross Country,Athletics,Athletics (team schedule),Men's Cross Country Schedule,https://pennathletics.com/sports/mens-cross-country/schedule,SIDEARM Sports (NextGen),Server-rendered with JS enhancement; schedule data also available as JSON,SIDEARM per-sport ICS/JSON schedule endpoints,SIDEARM Sports: per-sport schedule JSON endpoints and ICS exports; prefer those over the rendered page.,Derived from a verified index page,Composite view at pennathletics.com/calendar
Penn Athletics - Men's Fencing,Athletics,Athletics (team schedule),Men's Fencing Schedule,https://pennathletics.com/sports/mens-fencing/schedule,SIDEARM Sports (NextGen),Server-rendered with JS enhancement; schedule data also available as JSON,SIDEARM per-sport ICS/JSON schedule endpoints,SIDEARM Sports: per-sport schedule JSON endpoints and ICS exports; prefer those over the rendered page.,Derived from a verified index page,Composite view at pennathletics.com/calendar
Penn Athletics - Football,Athletics,Athletics (team schedule),Football Schedule,https://pennathletics.com/sports/football/schedule,SIDEARM Sports (NextGen),Server-rendered with JS enhancement; schedule data also available as JSON,SIDEARM per-sport ICS/JSON schedule endpoints,SIDEARM Sports: per-sport schedule JSON endpoints and ICS exports; prefer those over the rendered page.,Derived from a verified index page,Composite view at pennathletics.com/calendar
Penn Athletics - Sprint Football,Athletics,Athletics (team schedule),Sprint Football Schedule,https://pennathletics.com/sports/sprint-football/schedule,SIDEARM Sports (NextGen),Server-rendered with JS enhancement; schedule data also available as JSON,SIDEARM per-sport ICS/JSON schedule endpoints,SIDEARM Sports: per-sport schedule JSON endpoints and ICS exports; prefer those over the rendered page.,Derived from a verified index page,Composite view at pennathletics.com/calendar
Penn Athletics - Men's Golf,Athletics,Athletics (team schedule),Men's Golf Schedule,https://pennathletics.com/sports/mens-golf/schedule,SIDEARM Sports (NextGen),Server-rendered with JS enhancement; schedule data also available as JSON,SIDEARM per-sport ICS/JSON schedule endpoints,SIDEARM Sports: per-sport schedule JSON endpoints and ICS exports; prefer those over the rendered page.,Derived from a verified index page,Composite view at pennathletics.com/calendar
Penn Athletics - Men's Lacrosse,Athletics,Athletics (team schedule),Men's Lacrosse Schedule,https://pennathletics.com/sports/mens-lacrosse/schedule,SIDEARM Sports (NextGen),Server-rendered with JS enhancement; schedule data also available as JSON,SIDEARM per-sport ICS/JSON schedule endpoints,SIDEARM Sports: per-sport schedule JSON endpoints and ICS exports; prefer those over the rendered page.,Derived from a verified index page,Composite view at pennathletics.com/calendar
Penn Athletics - Men's Heavyweight Rowing,Athletics,Athletics (team schedule),Men's Heavyweight Rowing Schedule,https://pennathletics.com/sports/mens-rowing/schedule,SIDEARM Sports (NextGen),Server-rendered with JS enhancement; schedule data also available as JSON,SIDEARM per-sport ICS/JSON schedule endpoints,SIDEARM Sports: per-sport schedule JSON endpoints and ICS exports; prefer those over the rendered page.,Derived from a verified index page,Composite view at pennathletics.com/calendar
Penn Athletics - Men's Lightweight Rowing,Athletics,Athletics (team schedule),Men's Lightweight Rowing Schedule,https://pennathletics.com/sports/mens-crew/schedule,SIDEARM Sports (NextGen),Server-rendered with JS enhancement; schedule data also available as JSON,SIDEARM per-sport ICS/JSON schedule endpoints,SIDEARM Sports: per-sport schedule JSON endpoints and ICS exports; prefer those over the rendered page.,Derived from a verified index page,Composite view at pennathletics.com/calendar
Penn Athletics - Men's Soccer,Athletics,Athletics (team schedule),Men's Soccer Schedule,https://pennathletics.com/sports/mens-soccer/schedule,SIDEARM Sports (NextGen),Server-rendered with JS enhancement; schedule data also available as JSON,SIDEARM per-sport ICS/JSON schedule endpoints,SIDEARM Sports: per-sport schedule JSON endpoints and ICS exports; prefer those over the rendered page.,Derived from a verified index page,Composite view at pennathletics.com/calendar
Penn Athletics - Men's Squash,Athletics,Athletics (team schedule),Men's Squash Schedule,https://pennathletics.com/sports/mens-squash/schedule,SIDEARM Sports (NextGen),Server-rendered with JS enhancement; schedule data also available as JSON,SIDEARM per-sport ICS/JSON schedule endpoints,SIDEARM Sports: per-sport schedule JSON endpoints and ICS exports; prefer those over the rendered page.,Derived from a verified index page,Composite view at pennathletics.com/calendar
Penn Athletics - Men's Swimming & Diving,Athletics,Athletics (team schedule),Men's Swimming & Diving Schedule,https://pennathletics.com/sports/mens-swimming-and-diving/schedule,SIDEARM Sports (NextGen),Server-rendered with JS enhancement; schedule data also available as JSON,SIDEARM per-sport ICS/JSON schedule endpoints,SIDEARM Sports: per-sport schedule JSON endpoints and ICS exports; prefer those over the rendered page.,Derived from a verified index page,Composite view at pennathletics.com/calendar
Penn Athletics - Men's Tennis,Athletics,Athletics (team schedule),Men's Tennis Schedule,https://pennathletics.com/sports/mens-tennis/schedule,SIDEARM Sports (NextGen),Server-rendered with JS enhancement; schedule data also available as JSON,SIDEARM per-sport ICS/JSON schedule endpoints,SIDEARM Sports: per-sport schedule JSON endpoints and ICS exports; prefer those over the rendered page.,Derived from a verified index page,Composite view at pennathletics.com/calendar
Penn Athletics - Men's Track & Field,Athletics,Athletics (team schedule),Men's Track & Field Schedule,https://pennathletics.com/sports/mens-track-and-field/schedule,SIDEARM Sports (NextGen),Server-rendered with JS enhancement; schedule data also available as JSON,SIDEARM per-sport ICS/JSON schedule endpoints,SIDEARM Sports: per-sport schedule JSON endpoints and ICS exports; prefer those over the rendered page.,Derived from a verified index page,Composite view at pennathletics.com/calendar
Penn Athletics - Wrestling,Athletics,Athletics (team schedule),Wrestling Schedule,https://pennathletics.com/sports/wrestling/schedule,SIDEARM Sports (NextGen),Server-rendered with JS enhancement; schedule data also available as JSON,SIDEARM per-sport ICS/JSON schedule endpoints,SIDEARM Sports: per-sport schedule JSON endpoints and ICS exports; prefer those over the rendered page.,Derived from a verified index page,Composite view at pennathletics.com/calendar
Penn Athletics - Women's Basketball,Athletics,Athletics (team schedule),Women's Basketball Schedule,https://pennathletics.com/sports/womens-basketball/schedule,SIDEARM Sports (NextGen),Server-rendered with JS enhancement; schedule data also available as JSON,SIDEARM per-sport ICS/JSON schedule endpoints,SIDEARM Sports: per-sport schedule JSON endpoints and ICS exports; prefer those over the rendered page.,Derived from a verified index page,Composite view at pennathletics.com/calendar
Penn Athletics - Women's Cross Country,Athletics,Athletics (team schedule),Women's Cross Country Schedule,https://pennathletics.com/sports/womens-cross-country/schedule,SIDEARM Sports (NextGen),Server-rendered with JS enhancement; schedule data also available as JSON,SIDEARM per-sport ICS/JSON schedule endpoints,SIDEARM Sports: per-sport schedule JSON endpoints and ICS exports; prefer those over the rendered page.,Derived from a verified index page,Composite view at pennathletics.com/calendar
Penn Athletics - Women's Fencing,Athletics,Athletics (team schedule),Women's Fencing Schedule,https://pennathletics.com/sports/womens-fencing/schedule,SIDEARM Sports (NextGen),Server-rendered with JS enhancement; schedule data also available as JSON,SIDEARM per-sport ICS/JSON schedule endpoints,SIDEARM Sports: per-sport schedule JSON endpoints and ICS exports; prefer those over the rendered page.,Derived from a verified index page,Composite view at pennathletics.com/calendar
Penn Athletics - Field Hockey,Athletics,Athletics (team schedule),Field Hockey Schedule,https://pennathletics.com/sports/field-hockey/schedule,SIDEARM Sports (NextGen),Server-rendered with JS enhancement; schedule data also available as JSON,SIDEARM per-sport ICS/JSON schedule endpoints,SIDEARM Sports: per-sport schedule JSON endpoints and ICS exports; prefer those over the rendered page.,Derived from a verified index page,Composite view at pennathletics.com/calendar
Penn Athletics - Women's Golf,Athletics,Athletics (team schedule),Women's Golf Schedule,https://pennathletics.com/sports/womens-golf/schedule,SIDEARM Sports (NextGen),Server-rendered with JS enhancement; schedule data also available as JSON,SIDEARM per-sport ICS/JSON schedule endpoints,SIDEARM Sports: per-sport schedule JSON endpoints and ICS exports; prefer those over the rendered page.,Derived from a verified index page,Composite view at pennathletics.com/calendar
Penn Athletics - Women's Gymnastics,Athletics,Athletics (team schedule),Women's Gymnastics Schedule,https://pennathletics.com/sports/womens-gymnastics/schedule,SIDEARM Sports (NextGen),Server-rendered with JS enhancement; schedule data also available as JSON,SIDEARM per-sport ICS/JSON schedule endpoints,SIDEARM Sports: per-sport schedule JSON endpoints and ICS exports; prefer those over the rendered page.,Derived from a verified index page,Composite view at pennathletics.com/calendar
Penn Athletics - Women's Lacrosse,Athletics,Athletics (team schedule),Women's Lacrosse Schedule,https://pennathletics.com/sports/womens-lacrosse/schedule,SIDEARM Sports (NextGen),Server-rendered with JS enhancement; schedule data also available as JSON,SIDEARM per-sport ICS/JSON schedule endpoints,SIDEARM Sports: per-sport schedule JSON endpoints and ICS exports; prefer those over the rendered page.,Derived from a verified index page,Composite view at pennathletics.com/calendar
Penn Athletics - Women's Rowing,Athletics,Athletics (team schedule),Women's Rowing Schedule,https://pennathletics.com/sports/womens-rowing/schedule,SIDEARM Sports (NextGen),Server-rendered with JS enhancement; schedule data also available as JSON,SIDEARM per-sport ICS/JSON schedule endpoints,SIDEARM Sports: per-sport schedule JSON endpoints and ICS exports; prefer those over the rendered page.,Derived from a verified index page,Composite view at pennathletics.com/calendar
Penn Athletics - Women's Soccer,Athletics,Athletics (team schedule),Women's Soccer Schedule,https://pennathletics.com/sports/womens-soccer/schedule,SIDEARM Sports (NextGen),Server-rendered with JS enhancement; schedule data also available as JSON,SIDEARM per-sport ICS/JSON schedule endpoints,SIDEARM Sports: per-sport schedule JSON endpoints and ICS exports; prefer those over the rendered page.,Derived from a verified index page,Composite view at pennathletics.com/calendar
Penn Athletics - Softball,Athletics,Athletics (team schedule),Softball Schedule,https://pennathletics.com/sports/softball/schedule,SIDEARM Sports (NextGen),Server-rendered with JS enhancement; schedule data also available as JSON,SIDEARM per-sport ICS/JSON schedule endpoints,SIDEARM Sports: per-sport schedule JSON endpoints and ICS exports; prefer those over the rendered page.,Derived from a verified index page,Composite view at pennathletics.com/calendar
Penn Athletics - Women's Squash,Athletics,Athletics (team schedule),Women's Squash Schedule,https://pennathletics.com/sports/womens-squash/schedule,SIDEARM Sports (NextGen),Server-rendered with JS enhancement; schedule data also available as JSON,SIDEARM per-sport ICS/JSON schedule endpoints,SIDEARM Sports: per-sport schedule JSON endpoints and ICS exports; prefer those over the rendered page.,Derived from a verified index page,Composite view at pennathletics.com/calendar
Penn Athletics - Women's Swimming & Diving,Athletics,Athletics (team schedule),Women's Swimming & Diving Schedule,https://pennathletics.com/sports/womens-swimming-and-diving/schedule,SIDEARM Sports (NextGen),Server-rendered with JS enhancement; schedule data also available as JSON,SIDEARM per-sport ICS/JSON schedule endpoints,SIDEARM Sports: per-sport schedule JSON endpoints and ICS exports; prefer those over the rendered page.,Derived from a verified index page,Composite view at pennathletics.com/calendar
Penn Athletics - Women's Tennis,Athletics,Athletics (team schedule),Women's Tennis Schedule,https://pennathletics.com/sports/womens-tennis/schedule,SIDEARM Sports (NextGen),Server-rendered with JS enhancement; schedule data also available as JSON,SIDEARM per-sport ICS/JSON schedule endpoints,SIDEARM Sports: per-sport schedule JSON endpoints and ICS exports; prefer those over the rendered page.,Derived from a verified index page,Composite view at pennathletics.com/calendar
Penn Athletics - Women's Track & Field,Athletics,Athletics (team schedule),Women's Track & Field Schedule,https://pennathletics.com/sports/womens-track-and-field/schedule,SIDEARM Sports (NextGen),Server-rendered with JS enhancement; schedule data also available as JSON,SIDEARM per-sport ICS/JSON schedule endpoints,SIDEARM Sports: per-sport schedule JSON endpoints and ICS exports; prefer those over the rendered page.,Derived from a verified index page,Composite view at pennathletics.com/calendar
Penn Athletics - Women's Volleyball,Athletics,Athletics (team schedule),Women's Volleyball Schedule,https://pennathletics.com/sports/womens-volleyball/schedule,SIDEARM Sports (NextGen),Server-rendered with JS enhancement; schedule data also available as JSON,SIDEARM per-sport ICS/JSON schedule endpoints,SIDEARM Sports: per-sport schedule JSON endpoints and ICS exports; prefer those over the rendered page.,Derived from a verified index page,Composite view at pennathletics.com/calendar
Penn Libraries - Albrecht Music Library,Libraries,Library,Albrecht Music Library events,https://www.library.upenn.edu/music,Drupal 10,Server-rendered HTML; branch events also flow into the central /events view and LibCal,Central: none exposed; workshops via Springshare LibCal API,Drupal: server-rendered HTML — requests + BeautifulSoup. Check for /ics (Drupal 7 SAS sites often expose one) and ?page= pagination.,Derived from a verified index page,Workshop registrations run through LibCal (api3.libcal.com)
Penn Libraries - Annenberg School Library,Libraries,Library,Annenberg School Library events,https://www.library.upenn.edu/annenberg,Drupal 10,Server-rendered HTML; branch events also flow into the central /events view and LibCal,Central: none exposed; workshops via Springshare LibCal API,Drupal: server-rendered HTML — requests + BeautifulSoup. Check for /ics (Drupal 7 SAS sites often expose one) and ?page= pagination.,Derived from a verified index page,Workshop registrations run through LibCal (api3.libcal.com)
Penn Libraries - Biddle Law Library,Libraries,Library,Biddle Law Library events,https://www.library.upenn.edu/biddle-law-library,Drupal 10,Server-rendered HTML; branch events also flow into the central /events view and LibCal,Central: none exposed; workshops via Springshare LibCal API,Drupal: server-rendered HTML — requests + BeautifulSoup. Check for /ics (Drupal 7 SAS sites often expose one) and ?page= pagination.,Derived from a verified index page,Workshop registrations run through LibCal (api3.libcal.com)
Penn Libraries - Chemistry Library,Libraries,Library,Chemistry Library events,https://www.library.upenn.edu/chemistry,Drupal 10,Server-rendered HTML; branch events also flow into the central /events view and LibCal,Central: none exposed; workshops via Springshare LibCal API,Drupal: server-rendered HTML — requests + BeautifulSoup. Check for /ics (Drupal 7 SAS sites often expose one) and ?page= pagination.,Derived from a verified index page,Workshop registrations run through LibCal (api3.libcal.com)
Penn Libraries - Education Commons,Libraries,Library,Education Commons events,https://www.library.upenn.edu/ec,Drupal 10,Server-rendered HTML; branch events also flow into the central /events view and LibCal,Central: none exposed; workshops via Springshare LibCal API,Drupal: server-rendered HTML — requests + BeautifulSoup. Check for /ics (Drupal 7 SAS sites often expose one) and ?page= pagination.,Derived from a verified index page,Workshop registrations run through LibCal (api3.libcal.com)
Penn Libraries - Fisher Fine Arts Library,Libraries,Library,Fisher Fine Arts Library events,https://www.library.upenn.edu/finearts,Drupal 10,Server-rendered HTML; branch events also flow into the central /events view and LibCal,Central: none exposed; workshops via Springshare LibCal API,Drupal: server-rendered HTML — requests + BeautifulSoup. Check for /ics (Drupal 7 SAS sites often expose one) and ?page= pagination.,Derived from a verified index page,Workshop registrations run through LibCal (api3.libcal.com)
Penn Libraries - Holman Biotech Commons,Libraries,Library,Holman Biotech Commons events,https://www.library.upenn.edu/holman,Drupal 10,Server-rendered HTML; branch events also flow into the central /events view and LibCal,Central: none exposed; workshops via Springshare LibCal API,Drupal: server-rendered HTML — requests + BeautifulSoup. Check for /ics (Drupal 7 SAS sites often expose one) and ?page= pagination.,Derived from a verified index page,Workshop registrations run through LibCal (api3.libcal.com)
Penn Libraries - Kislak Center for Special Collections,Libraries,Library,Kislak Center for Special Collections events,https://www.library.upenn.edu/kislak,Drupal 10,Server-rendered HTML; branch events also flow into the central /events view and LibCal,Central: none exposed; workshops via Springshare LibCal API,Drupal: server-rendered HTML — requests + BeautifulSoup. Check for /ics (Drupal 7 SAS sites often expose one) and ?page= pagination.,Derived from a verified index page,Workshop registrations run through LibCal (api3.libcal.com)
Penn Libraries - Levy Dental Medicine Library,Libraries,Library,Levy Dental Medicine Library events,https://www.library.upenn.edu/dental,Drupal 10,Server-rendered HTML; branch events also flow into the central /events view and LibCal,Central: none exposed; workshops via Springshare LibCal API,Drupal: server-rendered HTML — requests + BeautifulSoup. Check for /ics (Drupal 7 SAS sites often expose one) and ?page= pagination.,Derived from a verified index page,Workshop registrations run through LibCal (api3.libcal.com)
Penn Libraries - Library at the Katz Center,Libraries,Library,Library at the Katz Center events,https://www.library.upenn.edu/lkcajs,Drupal 10,Server-rendered HTML; branch events also flow into the central /events view and LibCal,Central: none exposed; workshops via Springshare LibCal API,Drupal: server-rendered HTML — requests + BeautifulSoup. Check for /ics (Drupal 7 SAS sites often expose one) and ?page= pagination.,Derived from a verified index page,Workshop registrations run through LibCal (api3.libcal.com)
Penn Libraries - Lippincott Library (Wharton),Libraries,Library,Lippincott Library (Wharton) events,https://www.library.upenn.edu/lippincott,Drupal 10,Server-rendered HTML; branch events also flow into the central /events view and LibCal,Central: none exposed; workshops via Springshare LibCal API,Drupal: server-rendered HTML — requests + BeautifulSoup. Check for /ics (Drupal 7 SAS sites often expose one) and ?page= pagination.,Derived from a verified index page,Workshop registrations run through LibCal (api3.libcal.com)
Penn Libraries - Math/Physics/Astronomy Library,Libraries,Library,Math/Physics/Astronomy Library events,https://www.library.upenn.edu/mpa,Drupal 10,Server-rendered HTML; branch events also flow into the central /events view and LibCal,Central: none exposed; workshops via Springshare LibCal API,Drupal: server-rendered HTML — requests + BeautifulSoup. Check for /ics (Drupal 7 SAS sites often expose one) and ?page= pagination.,Derived from a verified index page,Workshop registrations run through LibCal (api3.libcal.com)
Penn Libraries - Penn Museum Library,Libraries,Library,Penn Museum Library events,https://www.library.upenn.edu/museum,Drupal 10,Server-rendered HTML; branch events also flow into the central /events view and LibCal,Central: none exposed; workshops via Springshare LibCal API,Drupal: server-rendered HTML — requests + BeautifulSoup. Check for /ics (Drupal 7 SAS sites often expose one) and ?page= pagination.,Derived from a verified index page,Workshop registrations run through LibCal (api3.libcal.com)
Penn Libraries - University Archives,Libraries,Library,University Archives events,https://www.library.upenn.edu/university-archives,Drupal 10,Server-rendered HTML; branch events also flow into the central /events view and LibCal,Central: none exposed; workshops via Springshare LibCal API,Drupal: server-rendered HTML — requests + BeautifulSoup. Check for /ics (Drupal 7 SAS sites often expose one) and ?page= pagination.,Derived from a verified index page,Workshop registrations run through LibCal (api3.libcal.com)
Penn Libraries - Van Pelt-Dietrich Library Center,Libraries,Library,Van Pelt-Dietrich Library Center events,https://www.library.upenn.edu/vanpelt,Drupal 10,Server-rendered HTML; branch events also flow into the central /events view and LibCal,Central: none exposed; workshops via Springshare LibCal API,Drupal: server-rendered HTML — requests + BeautifulSoup. Check for /ics (Drupal 7 SAS sites often expose one) and ?page= pagination.,Derived from a verified index page,Workshop registrations run through LibCal (api3.libcal.com)
Penn Libraries - Veterinary Medicine: Atwood Library,Libraries,Library,Veterinary Medicine: Atwood Library events,https://www.library.upenn.edu/vet,Drupal 10,Server-rendered HTML; branch events also flow into the central /events view and LibCal,Central: none exposed; workshops via Springshare LibCal API,Drupal: server-rendered HTML — requests + BeautifulSoup. Check for /ics (Drupal 7 SAS sites often expose one) and ?page= pagination.,Derived from a verified index page,Workshop registrations run through LibCal (api3.libcal.com)
Penn Libraries - Veterinary Medicine: du Pont Library,Libraries,Library,Veterinary Medicine: du Pont Library events,https://www.library.upenn.edu/veterinary-medicine-du-pont,Drupal 10,Server-rendered HTML; branch events also flow into the central /events view and LibCal,Central: none exposed; workshops via Springshare LibCal API,Drupal: server-rendered HTML — requests + BeautifulSoup. Check for /ics (Drupal 7 SAS sites often expose one) and ?page= pagination.,Derived from a verified index page,Workshop registrations run through LibCal (api3.libcal.com)
Penn Libraries - Weigle Information Commons,Libraries,Library,Weigle Information Commons events,https://www.library.upenn.edu/wic,Drupal 10,Server-rendered HTML; branch events also flow into the central /events view and LibCal,Central: none exposed; workshops via Springshare LibCal API,Drupal: server-rendered HTML — requests + BeautifulSoup. Check for /ics (Drupal 7 SAS sites often expose one) and ?page= pagination.,Derived from a verified index page,Workshop registrations run through LibCal (api3.libcal.com)
Penn Libraries - Zilberman Family Center for Global Collections,Libraries,Library,Zilberman Family Center for Global Collections events,https://www.library.upenn.edu/zilberman,Drupal 10,Server-rendered HTML; branch events also flow into the central /events view and LibCal,Central: none exposed; workshops via Springshare LibCal API,Drupal: server-rendered HTML — requests + BeautifulSoup. Check for /ics (Drupal 7 SAS sites often expose one) and ?page= pagination.,Derived from a verified index page,Workshop registrations run through LibCal (api3.libcal.com)
Penn Libraries - Barbara Bates Center (Nursing history),Libraries,Library,Barbara Bates Center (Nursing history) events,https://www.library.upenn.edu/nursing,Drupal 10,Server-rendered HTML; branch events also flow into the central /events view and LibCal,Central: none exposed; workshops via Springshare LibCal API,Drupal: server-rendered HTML — requests + BeautifulSoup. Check for /ics (Drupal 7 SAS sites often expose one) and ?page= pagination.,Derived from a verified index page,Workshop registrations run through LibCal (api3.libcal.com)
Penn Libraries - Architectural Archives,Libraries,Library,Architectural Archives events,https://www.library.upenn.edu/architectural-archives,Drupal 10,Server-rendered HTML; branch events also flow into the central /events view and LibCal,Central: none exposed; workshops via Springshare LibCal API,Drupal: server-rendered HTML — requests + BeautifulSoup. Check for /ics (Drupal 7 SAS sites often expose one) and ?page= pagination.,Derived from a verified index page,Workshop registrations run through LibCal (api3.libcal.com)
Penn Libraries - Demography Library,Libraries,Library,Demography Library events,https://www.library.upenn.edu/demography-library,Drupal 10,Server-rendered HTML; branch events also flow into the central /events view and LibCal,Central: none exposed; workshops via Springshare LibCal API,Drupal: server-rendered HTML — requests + BeautifulSoup. Check for /ics (Drupal 7 SAS sites often expose one) and ?page= pagination.,Derived from a verified index page,Workshop registrations run through LibCal (api3.libcal.com)
Penn Libraries - Penn Museum Archives,Libraries,Library,Penn Museum Archives events,https://www.library.upenn.edu/penn-museum-archives,Drupal 10,Server-rendered HTML; branch events also flow into the central /events view and LibCal,Central: none exposed; workshops via Springshare LibCal API,Drupal: server-rendered HTML — requests + BeautifulSoup. Check for /ics (Drupal 7 SAS sites often expose one) and ?page= pagination.,Derived from a verified index page,Workshop registrations run through LibCal (api3.libcal.com)
Penn Libraries - Pennsylvania Hospital Medical Library,Libraries,Library,Pennsylvania Hospital Medical Library events,https://www.library.upenn.edu/pennsylvania-hospital-medical,Drupal 10,Server-rendered HTML; branch events also flow into the central /events view and LibCal,Central: none exposed; workshops via Springshare LibCal API,Drupal: server-rendered HTML — requests + BeautifulSoup. Check for /ics (Drupal 7 SAS sites often expose one) and ?page= pagination.,Derived from a verified index page,Workshop registrations run through LibCal (api3.libcal.com)
Penn Medicine (health system),Penn Medicine,Hospital / community,Events calendar,https://www.pennmedicine.org/events,Trumba,Hub page links out to Trumba calendars (pennmedicine.trumba.com); embeds are iframe/spud widgets,Trumba supports .ics and XML/JSON feeds per webName,Trumba: use the calendar's .ics or XML/JSON feed (trumba.com/calendars/<webName>.ics). The host page only embeds a spud/iframe.,Verified (page fetched),Regional calendars e.g. pennmedicine.trumba.com/doylestown
Penn Medicine - Physician & CME events,Penn Medicine,Continuing ed,Physician and CME events,https://www.pennmedicine.org/physician-resources/events,Trumba,Trumba embed,Trumba .ics / XML feeds,Trumba: use the calendar's .ics or XML/JSON feed (trumba.com/calendars/<webName>.ics). The host page only embeds a spud/iframe.,Verified (page fetched),
Penn Medicine - Community events,Penn Medicine,Community,Community Events,https://www.pennmedicine.org/about/serving-our-community/community-events,Trumba,Trumba embed,Trumba feeds,Trumba: use the calendar's .ics or XML/JSON feed (trumba.com/calendars/<webName>.ics). The host page only embeds a spud/iframe.,Verified (page fetched),
Penn Dental Medicine - News & Events,Dental,School,Events,https://www.dental.upenn.edu/news-events/events/,WordPress 7.0.4,Server-rendered HTML,none found,WordPress: server-rendered HTML — requests + BeautifulSoup. Try /wp-json/wp/v2/ first; some sites expose events as a custom post type.,Verified (page fetched),Also legacy /calendar/categories/<cat>
Penn Dental Medicine - Continuing Education,Dental,Continuing ed,Continuing Education,https://www.dental.upenn.edu/continuing-education/,WordPress,Server-rendered HTML,none,WordPress: server-rendered HTML — requests + BeautifulSoup. Try /wp-json/wp/v2/ first; some sites expose events as a custom post type.,Verified (page fetched),Registration portal at cde.dental.upenn.edu
Penn Engineering - Chemical & Biomolecular Engineering,Engineering,Department,CBE Seminars + Events,https://cbe.seas.upenn.edu/events/,WordPress,Server-rendered HTML,none,WordPress: server-rendered HTML — requests + BeautifulSoup. Try /wp-json/wp/v2/ first; some sites expose events as a custom post type.,Verified (page fetched),Also flows into school calendar tag /cbe/
Penn Engineering - Bioengineering (dept site),Engineering,Department,BE Seminar Series,https://be.seas.upenn.edu/,WordPress,Server-rendered HTML,none,WordPress: server-rendered HTML — requests + BeautifulSoup. Try /wp-json/wp/v2/ first; some sites expose events as a custom post type.,Verified (page fetched),
Penn Engineering - Materials Science & Engineering,Engineering,Department,MSE Events,https://mse.engineering.upenn.edu/events/,WordPress,Server-rendered HTML,unknown,WordPress: server-rendered HTML — requests + BeautifulSoup. Try /wp-json/wp/v2/ first; some sites expose events as a custom post type.,Pattern-inferred — confirm URL before scraping,
Penn Engineering - Nano-Bio Interface Center,Engineering,Center,Seminars,http://www.nanotech.upenn.edu/seminars.html,Static HTML,Server-rendered HTML,none,"Static server-rendered HTML — requests + BeautifulSoup. Layout is hand-maintained, so selectors may drift.",Verified (page fetched),
SAS - Cognitive Science,SAS,Program,Events (hub),https://web.sas.upenn.edu/cogsci/events/,UPenn Generator 7.0.4 (SAS web platform),Server-rendered hub linking to other departments' calendars,none,Server-rendered HTML — requests + BeautifulSoup; confirm the selector before relying on it.,Verified (page fetched),
SAS - Neuroscience / Biological Basis of Behavior,SAS,Program,Events,https://neuroscience.sas.upenn.edu/,Drupal,Server-rendered HTML,none,Drupal: server-rendered HTML — requests + BeautifulSoup. Check for /ics (Drupal 7 SAS sites often expose one) and ?page= pagination.,Verified (page fetched),
Penn Dining,Business Services,Campus services,Events,https://dining.business-services.upenn.edu/events,Drupal 10,Server-rendered HTML with Load More pagination,none,Drupal: server-rendered HTML — requests + BeautifulSoup. Check for /ics (Drupal 7 SAS sites often expose one) and ?page= pagination.,Verified (page fetched),
Penn Hospitality Services,Business Services,Campus services,Programs & Events,https://hospitality-services.business-services.upenn.edu/programs-a-events,Drupal,Server-rendered HTML,none,Drupal: server-rendered HTML — requests + BeautifulSoup. Check for /ics (Drupal 7 SAS sites often expose one) and ?page= pagination.,Verified (page fetched),
Law - Penn Program on Regulation,Law,Program,Program page / events,https://www.law.upenn.edu/institutes/ppr/,Static PHP + LiveWhale,Server-rendered HTML; news/events via LiveWhale tags,LiveWhale ics/RSS,"LiveWhale: the HTML is injected by JS, so scraping the page fails. Use the group feed instead — append ?format=json or ?format=ics to the group URL, or build one from the calendar's Subscribe button.",Verified (page fetched),Tag view /live/tags/Penn%20Program%20on%20Regulation
Law - Center for Ethics and the Rule of Law (CERL),Law,Center,Events,https://www.law.upenn.edu/institutes/cerl/,Static PHP + LiveWhale,Server-rendered HTML,LiveWhale ics/RSS,"LiveWhale: the HTML is injected by JS, so scraping the page fails. Use the group feed instead — append ?format=json or ?format=ics to the group URL, or build one from the calendar's Subscribe button.",Verified (page fetched),
Law - News & Events (LiveWhale tag),Law,School,Events tag feed,https://www.law.upenn.edu/live/tags/Events/type/news,LiveWhale,Server-rendered LiveWhale tag view,LiveWhale ics/RSS on tag views,"LiveWhale: the HTML is injected by JS, so scraping the page fails. Use the group feed instead — append ?format=json or ?format=ics to the group URL, or build one from the calendar's Subscribe button.",Verified (page fetched),Useful programmatic entry point for Law
Penn Almanac - AT PENN listings,University,University-wide,AT PENN monthly event listings,https://almanac.upenn.edu/,Drupal,Server-rendered HTML articles,Drupal RSS likely at /rss.xml,Drupal: server-rendered HTML — requests + BeautifulSoup. Check for /ics (Drupal 7 SAS sites often expose one) and ?page= pagination.,Verified (page fetched),Monthly consolidated campus event listings
Energy Week at Penn,University,Program,Energy Week,https://energyweek.upenn.edu/,WordPress,Server-rendered HTML,unknown,WordPress: server-rendered HTML — requests + BeautifulSoup. Try /wp-json/wp/v2/ first; some sites expose events as a custom post type.,Pattern-inferred — confirm URL before scraping,Annual event series
Energy at Penn,University,Program,Events,https://www.energy.upenn.edu/,WordPress,Server-rendered HTML,unknown,WordPress: server-rendered HTML — requests + BeautifulSoup. Try /wp-json/wp/v2/ first; some sites expose events as a custom post type.,Pattern-inferred — confirm URL before scraping,
Penn Summer,SAS,Division,Events / important dates,https://summer.sas.upenn.edu/,Drupal,Server-rendered HTML,none,Drupal: server-rendered HTML — requests + BeautifulSoup. Check for /ics (Drupal 7 SAS sites often expose one) and ?page= pagination.,Verified (page fetched),
Penn Museum - Exhibitions,Museum,Museum,Exhibitions,https://www.penn.museum/exhibitions/,Joomla!,Server-rendered HTML,none,Joomla: server-rendered HTML — requests + BeautifulSoup. Category filters are query params.,Verified (page fetched),
Penn Arts & Sciences - Events (school),SAS,School,Events,https://www.sas.upenn.edu/events/,Drupal,Server-rendered HTML,none,Drupal: server-rendered HTML — requests + BeautifulSoup. Check for /ics (Drupal 7 SAS sites often expose one) and ?page= pagination.,Verified (page fetched),Upcoming view at /events/upcoming-events
Office of the President,University,Office,Events / speeches,https://president.upenn.edu/,Drupal,Server-rendered HTML,none,Drupal: server-rendered HTML — requests + BeautifulSoup. Check for /ics (Drupal 7 SAS sites often expose one) and ?page= pagination.,Verified (page fetched),
Penn Public Safety,University,Safety,Events / programs,https://www.publicsafety.upenn.edu/,Drupal,Server-rendered HTML,none,Drupal: server-rendered HTML — requests + BeautifulSoup. Check for /ics (Drupal 7 SAS sites often expose one) and ?page= pagination.,Verified (page fetched),
Actionable Intelligence for Social Policy (AISP),SP2,Center,AISP Events,https://aisp.upenn.edu/aisp-events/,WordPress + Elementor,"Server-rendered HTML (news/archive style, not a grid)",none,WordPress: server-rendered HTML — requests + BeautifulSoup. Try /wp-json/wp/v2/ first; some sites expose events as a custom post type.,Verified (page fetched),
Penn Medical Ethics & Health Policy (Center for Bioethics),Medicine,Department,Events,https://medicalethicshealthpolicy.med.upenn.edu/events,Drupal,Server-rendered HTML,none,Drupal: server-rendered HTML — requests + BeautifulSoup. Check for /ics (Drupal 7 SAS sites often expose one) and ?page= pagination.,Verified (page fetched),Penn Bioethics Seminar Series
Center for Health Incentives & Behavioral Economics (CHIBE),Medicine,Center,Events Archive,https://chibe.upenn.edu/events/,WordPress,Server-rendered HTML archive,none,WordPress: server-rendered HTML — requests + BeautifulSoup. Try /wp-json/wp/v2/ first; some sites expose events as a custom post type.,Verified (page fetched),Annual Behavioral Science & Health Symposium
Center for Public Health Initiatives (CPHI),Medicine,Center,Events,https://www.cphi.upenn.edu/events/,Static HTML (PSOM template),Server-rendered HTML,none,"Static server-rendered HTML — requests + BeautifulSoup. Layout is hand-maintained, so selectors may drift.",Verified (page fetched),Also LiveWhale group events.med.upenn.edu/cphi/
Center for Public Health Initiatives (LiveWhale),Medicine,Center,CPHI Events Calendar,https://events.med.upenn.edu/cphi/,LiveWhale Calendar,JS-rendered,LiveWhale ics/RSS,"LiveWhale: the HTML is injected by JS, so scraping the page fails. Use the group feed instead — append ?format=json or ?format=ics to the group URL, or build one from the calendar's Subscribe button.",Verified (page fetched),
Penn Center for Public Health,Medicine,Center,Events and Calendar,https://cph.upenn.edu/events-and-calendar/,WordPress,Server-rendered HTML,unknown,WordPress: server-rendered HTML — requests + BeautifulSoup. Try /wp-json/wp/v2/ first; some sites expose events as a custom post type.,Pattern-inferred — confirm URL before scraping,OVPR-overseen center
Fels Institute of Government,SAS,Institute,News & Events,https://www.fels.upenn.edu/news-events,Drupal,Server-rendered HTML,none,Drupal: server-rendered HTML — requests + BeautifulSoup. Check for /ics (Drupal 7 SAS sites often expose one) and ?page= pagination.,Verified (page fetched),Past events at /events/past; academic calendar at /programs/academic-calendar
Center for High Impact Philanthropy,SP2,Center,CHIP Events,https://www.impact.upenn.edu/chip-events/,WordPress,Server-rendered HTML,unknown,WordPress: server-rendered HTML — requests + BeautifulSoup. Try /wp-json/wp/v2/ first; some sites expose events as a custom post type.,Pattern-inferred — confirm URL before scraping,
Center for Social Impact Strategy,SP2,Center,Events,https://csis.upenn.edu/,WordPress,Server-rendered HTML,unknown,WordPress: server-rendered HTML — requests + BeautifulSoup. Try /wp-json/wp/v2/ first; some sites expose events as a custom post type.,Pattern-inferred — confirm URL before scraping,
SP2 Community events (category view),SP2,School,SP2 Community events,https://sp2.upenn.edu/sp2-events/category/sp2/,WordPress + The Events Calendar,Server-rendered HTML,/sp2-events/?ical=1 ; TEC REST API,"WordPress ""The Events Calendar"": use /wp-json/tribe/events/v1/events (JSON, paginated) — cleanest option. ?ical=1 on any view gives .ics.",Verified (page fetched),Category-filtered view
Institute on Aging,Medicine,Institute,IOA Events,https://www.med.upenn.edu/aging/events.html,Static HTML (PSOM template),Server-rendered HTML,none,"Static server-rendered HTML — requests + BeautifulSoup. Layout is hand-maintained, so selectors may drift.",Verified (page fetched),Related events at /relatedevents.html
Institute for Biomedical Informatics,Medicine,Institute,Events Calendar (LiveWhale group),https://events.med.upenn.edu/ibi/,LiveWhale Calendar,JS-rendered,LiveWhale ics/RSS,"LiveWhale: the HTML is injected by JS, so scraping the page fails. Use the group feed instead — append ?format=json or ?format=ics to the group URL, or build one from the calendar's Subscribe button.",Verified (page fetched),Main site ibi.med.upenn.edu
Institute for Diabetes Obesity & Metabolism (IDOM),Medicine,Institute,IDOM Seminars and Events,https://www.med.upenn.edu/idom/events.html,Static HTML (PSOM template),Server-rendered HTML,none,"Static server-rendered HTML — requests + BeautifulSoup. Layout is hand-maintained, so selectors may drift.",Verified (page fetched),
Penn Almanac - AT PENN calendar,University,University-wide,AT PENN Calendar,https://almanac.upenn.edu/at-penn-calendar,Drupal,Server-rendered HTML,none,Drupal: server-rendered HTML — requests + BeautifulSoup. Check for /ics (Drupal 7 SAS sites often expose one) and ?page= pagination.,Verified (page fetched),Monthly consolidated campus listings
Center for Neurodegenerative Disease Research (CNDR),Medicine,Center,News / events,https://www.med.upenn.edu/cndr/,Static HTML (PSOM template),Server-rendered HTML,none,"Static server-rendered HTML — requests + BeautifulSoup. Layout is hand-maintained, so selectors may drift.",Verified (page fetched),No standalone calendar; events appear via Pathology and PSOM calendars
Chronobiology & Sleep Institute (CSI),Medicine,Institute,CSI Seminars,https://www.med.upenn.edu/chronobiology/seminars.html,Static HTML (PSOM template),Server-rendered HTML,none,"Static server-rendered HTML — requests + BeautifulSoup. Layout is hand-maintained, so selectors may drift.",Verified (page fetched),
Penn Sleep Centers,Medicine,Center,CSI Conferences and Seminars,https://www.med.upenn.edu/sleepctr/csi-conferences-and-seminars.html,Static HTML (PSOM template),Server-rendered HTML,none,"Static server-rendered HTML — requests + BeautifulSoup. Layout is hand-maintained, so selectors may drift.",Verified (page fetched),Sleep Grand Rounds lecture series sub-page
Center of Excellence in Environmental Toxicology (CEET),Medicine,Center,Events,https://ceet.upenn.edu/events/,WordPress,Server-rendered HTML,unknown,WordPress: server-rendered HTML — requests + BeautifulSoup. Try /wp-json/wp/v2/ first; some sites expose events as a custom post type.,Pattern-inferred — confirm URL before scraping,Annual CEET Symposium; also listed on Penn Sustainability and EII calendars
Penn Center for AIDS Research (CFAR),Medicine,Center,Seminar Series,https://www.med.upenn.edu/cfar/seminar-series/,WordPress (hosting.med.upenn.edu),Server-rendered HTML,unknown,WordPress: server-rendered HTML — requests + BeautifulSoup. Try /wp-json/wp/v2/ first; some sites expose events as a custom post type.,Pattern-inferred — confirm URL before scraping,Also /cfar-events/ landing page
Pennsylvania Muscle Institute (PMI),Medicine,Institute,Events Calendar (LiveWhale group),https://events.med.upenn.edu/pmi/,LiveWhale Calendar,JS-rendered,LiveWhale ics/RSS,"LiveWhale: the HTML is injected by JS, so scraping the page fails. Use the group feed instead — append ?format=json or ?format=ics to the group URL, or build one from the calendar's Subscribe button.",Verified (page fetched),Joint seminars with Physiology
PSOM - Physiology,Medicine,Department,Events Calendar (LiveWhale group),https://events.med.upenn.edu/physiology/,LiveWhale Calendar,JS-rendered,LiveWhale ics/RSS,"LiveWhale: the HTML is injected by JS, so scraping the page fails. Use the group feed instead — append ?format=json or ?format=ics to the group URL, or build one from the calendar's Subscribe button.",Verified (page fetched),
Center for Particle Cosmology,SAS,Center,Events / seminars,https://particlecosmo.sas.upenn.edu/,Drupal,Server-rendered HTML,none,Drupal: server-rendered HTML — requests + BeautifulSoup. Check for /ics (Drupal 7 SAS sites often expose one) and ?page= pagination.,Verified (page fetched),Legacy site physics.upenn.edu/particlecosmo
Penn Institute for Economic Research (PIER),SAS,Institute,Events,https://economics.sas.upenn.edu/pier/events,Drupal,Server-rendered HTML,none,Drupal: server-rendered HTML — requests + BeautifulSoup. Check for /ics (Drupal 7 SAS sites often expose one) and ?page= pagination.,Verified (page fetched),Workshops and conferences sub-page
Christopher H. Browne Center for International Politics,SAS,Center,Events,https://bc.sas.upenn.edu/events,Drupal,Server-rendered HTML,none,Drupal: server-rendered HTML — requests + BeautifulSoup. Check for /ics (Drupal 7 SAS sites often expose one) and ?page= pagination.,Verified (page fetched),Speaker Series sub-page
Center for Soft and Living Matter,SAS,Center,Calendar events,https://web.sas.upenn.edu/slm/,UPenn Generator (SAS web platform),Server-rendered HTML; per-event /calendar_event/<slug>/,unknown,Server-rendered HTML — requests + BeautifulSoup; confirm the selector before relying on it.,Pattern-inferred — confirm URL before scraping,
Penn Sustainability,University,Sustainability,Events,https://www.sustainability.upenn.edu/events,Drupal,Server-rendered HTML,none,Drupal: server-rendered HTML — requests + BeautifulSoup. Check for /ics (Drupal 7 SAS sites often expose one) and ?page= pagination.,Verified (page fetched),
Environmental Innovations Initiative,University,Initiative,Events,https://environment.upenn.edu/events-insights/events,Drupal,Server-rendered HTML,none,Drupal: server-rendered HTML — requests + BeautifulSoup. Check for /ics (Drupal 7 SAS sites often expose one) and ?page= pagination.,Verified (page fetched),
Penn GSE - Consortium for Policy Research in Education (CPRE),GSE,Center,News / events,https://www.gse.upenn.edu/cpre/,Drupal,Server-rendered HTML,none,Drupal: server-rendered HTML — requests + BeautifulSoup. Check for /ics (Drupal 7 SAS sites often expose one) and ?page= pagination.,Verified (page fetched),Events surface on the GSE school calendar
Penn GSE - Research & Initiatives index,GSE,School,"Centers, projects & initiatives",https://www.gse.upenn.edu/our-expertise/research-and-initiatives,Drupal 10,Server-rendered HTML,none,Drupal: server-rendered HTML — requests + BeautifulSoup. Check for /ics (Drupal 7 SAS sites often expose one) and ?page= pagination.,Verified (page fetched),Index of GSE centers; most have no separate calendar
Weitzman - Centers & Labs index,Design,School,Centers & Labs,https://www.design.upenn.edu/centers-and-labs,Drupal 10,Server-rendered HTML,none,Drupal: server-rendered HTML — requests + BeautifulSoup. Check for /ics (Drupal 7 SAS sites often expose one) and ?page= pagination.,Verified (page fetched),Center events post to the school calendar
Weitzman - Center for Environmental Building + Design,Design,Center,About / events,https://www.design.upenn.edu/cebd/about,Drupal 10,Server-rendered HTML,none,Drupal: server-rendered HTML — requests + BeautifulSoup. Check for /ics (Drupal 7 SAS sites often expose one) and ?page= pagination.,Verified (page fetched),
Penn Vet - Institute for Infectious & Zoonotic Diseases,Vet,Institute,IIZD Events,https://www.vet.upenn.edu/research/research-centers-and-institute/institute-for-infectious-and-zoonotic-diseases/iizd-events/,WordPress + The Events Calendar,Server-rendered HTML,?ical=1 ; TEC REST API,"WordPress ""The Events Calendar"": use /wp-json/tribe/events/v1/events (JSON, paginated) — cleanest option. ?ical=1 on any view gives .ics.",Verified (page fetched),Annual zoonotic disease symposium
Penn Vet - single event pages,Vet,School,Event detail pattern,https://www.vet.upenn.edu/event/,WordPress + The Events Calendar,Server-rendered HTML,?ical=1,"WordPress ""The Events Calendar"": use /wp-json/tribe/events/v1/events (JSON, paginated) — cleanest option. ?ical=1 on any view gives .ics.",Verified (page fetched),Per-event permalinks
Computational Neuroscience Initiative (CNI),SAS,Initiative,Events,https://cni.upenn.edu/events,Drupal,Server-rendered HTML,none,Drupal: server-rendered HTML — requests + BeautifulSoup. Check for /ics (Drupal 7 SAS sites often expose one) and ?page= pagination.,Verified (page fetched),IMB Seminar Series and CNI Seminar sub-calendars
Penn Program on Opinion Research & Election Studies (PORES),SAS,Program,Upcoming Events Around Campus,https://pores.upenn.edu/news/upcoming-events-around-campus,Drupal,Server-rendered HTML,none,Drupal: server-rendered HTML — requests + BeautifulSoup. Check for /ics (Drupal 7 SAS sites often expose one) and ?page= pagination.,Verified (page fetched),Annual PORES Hackathon
Penn Program on Race Science & Society (PRSS),SAS,Program,Upcoming Events,https://prss.sas.upenn.edu/upcoming-events,Drupal,Server-rendered HTML; year view at /calendar/year,none,Drupal: server-rendered HTML — requests + BeautifulSoup. Check for /ics (Drupal 7 SAS sites often expose one) and ?page= pagination.,Verified (page fetched),Symposiums & conferences sub-page
Robert A. Fox Leadership Program,SAS,Program,Events,https://foxleadership.upenn.edu/,Drupal,Server-rendered HTML,unknown,Drupal: server-rendered HTML — requests + BeautifulSoup. Check for /ics (Drupal 7 SAS sites often expose one) and ?page= pagination.,Pattern-inferred — confirm URL before scraping,
Wharton - Risk Management & Decision Processes Center,Wharton,Center,Center site (events via Impact),https://riskcenter.wharton.upenn.edu/,WordPress + WPBakery,Server-rendered HTML; events now run through impact.wharton.upenn.edu,none,WordPress: server-rendered HTML — requests + BeautifulSoup. Try /wp-json/wp/v2/ first; some sites expose events as a custom post type.,Verified (page fetched),Redirects into the Impact initiative
Wharton - BEPP research centers & programs,Wharton,Department,Research Centers and Programs,https://bepp.wharton.upenn.edu/research/research-centers-and-programs/,WordPress,Server-rendered HTML,none,WordPress: server-rendered HTML — requests + BeautifulSoup. Try /wp-json/wp/v2/ first; some sites expose events as a custom post type.,Verified (page fetched),
Center for Molecular Studies in Digestive & Liver Diseases,Medicine,Center,Research Seminar Series,https://www.med.upenn.edu/CMSDLD/cmsdld-research-seminar-series.html,Static HTML (PSOM template),Server-rendered HTML,none,"Static server-rendered HTML — requests + BeautifulSoup. Layout is hand-maintained, so selectors may drift.",Verified (page fetched),Up-and-Coming Seminar Series sub-page
UPenn Digestive and Liver Center,Medicine,Center,Center site / seminars,https://www.med.upenn.edu/digestive-and-liver-center/,Static HTML (PSOM template),Server-rendered HTML,none,"Static server-rendered HTML — requests + BeautifulSoup. Layout is hand-maintained, so selectors may drift.",Verified (page fetched),
Center for Host-Microbial Interactions,Medicine,Core,Core facility page,https://www.med.upenn.edu/cores/center-for-host-microbial-interactions.html,Static HTML (PSOM template),Server-rendered HTML,none,"Static server-rendered HTML — requests + BeautifulSoup. Layout is hand-maintained, so selectors may drift.",Verified (page fetched),No dedicated calendar; core facility page only
Abramson Cancer Center Research,Medicine,Center,Research site / training events,https://www.med.upenn.edu/acc-cancer-research/,Static HTML (PSOM template),Server-rendered HTML,none,"Static server-rendered HTML — requests + BeautifulSoup. Layout is hand-maintained, so selectors may drift.",Verified (page fetched),Events surface on events.med.upenn.edu
Center for the Treatment & Study of Anxiety (CTSA),Medicine,Center,Center site,https://www.med.upenn.edu/ctsa/,Static HTML (PSOM template),Server-rendered HTML,none,"Static server-rendered HTML — requests + BeautifulSoup. Layout is hand-maintained, so selectors may drift.",Verified (page fetched),Clinical program; no public events calendar
Center for Cognitive Therapy,Medicine,Center,Center site,https://www.med.upenn.edu/cct/,Static HTML (PSOM template),Server-rendered HTML,none,"Static server-rendered HTML — requests + BeautifulSoup. Layout is hand-maintained, so selectors may drift.",Verified (page fetched),Clinical program; no public events calendar
Center for Brain Injury and Repair,Medicine,Center,Center site,https://www.med.upenn.edu/cbir/,Static HTML (PSOM template),Server-rendered HTML,none,"Static server-rendered HTML — requests + BeautifulSoup. Layout is hand-maintained, so selectors may drift.",Verified (page fetched),No dedicated calendar
Center for Functional Neuroimaging,Medicine,Center,Center site,https://www.cfn.upenn.edu/,Static HTML,Server-rendered HTML,none,"Static server-rendered HTML — requests + BeautifulSoup. Layout is hand-maintained, so selectors may drift.",Verified (page fetched),No dedicated calendar
Penn Center for Global Genomics & Health Equity,Medicine,Center,Events Calendar (LiveWhale group),https://events.med.upenn.edu/gghe/,LiveWhale Calendar,JS-rendered,LiveWhale ics/RSS,"LiveWhale: the HTML is injected by JS, so scraping the page fails. Use the group feed instead — append ?format=json or ?format=ics to the group URL, or build one from the calendar's Subscribe button.",Verified (page fetched),Main site globalgenomics.med.upenn.edu
Penn Center for Neuroaesthetics,Medicine,Center,News & Media / events,https://neuroaesthetics.med.upenn.edu/news-and-media.html,Static HTML (PSOM template),Server-rendered HTML,none,"Static server-rendered HTML — requests + BeautifulSoup. Layout is hand-maintained, so selectors may drift.",Verified (page fetched),
Parker Institute for Cancer Immunotherapy at Penn,Medicine,Institute,Events Calendar (LiveWhale group),https://events.med.upenn.edu/pici/,LiveWhale Calendar,JS-rendered,LiveWhale ics/RSS,"LiveWhale: the HTML is injected by JS, so scraping the page fails. Use the group feed instead — append ?format=json or ?format=ics to the group URL, or build one from the calendar's Subscribe button.",Verified (page fetched),Main site med.upenn.edu/pici
Smell and Taste Center,Medicine,Center,Center site,https://www.med.upenn.edu/smellandtastecenter/,Static HTML (PSOM template),Server-rendered HTML,none,"Static server-rendered HTML — requests + BeautifulSoup. Layout is hand-maintained, so selectors may drift.",Verified (page fetched),No dedicated calendar
Center for Women's Health & Reproductive Medicine,Medicine,Center,Center site,https://www.med.upenn.edu/cwhrm/,Static HTML (PSOM template),Server-rendered HTML,none,"Static server-rendered HTML — requests + BeautifulSoup. Layout is hand-maintained, so selectors may drift.",Verified (page fetched),Covers reproduction & women's health research
Penn Center for Mental Health,Medicine,Center,Center site,https://hosting.med.upenn.edu/cmh/,WordPress (hosting.med.upenn.edu),Server-rendered HTML,unknown,WordPress: server-rendered HTML — requests + BeautifulSoup. Try /wp-json/wp/v2/ first; some sites expose events as a custom post type.,Pattern-inferred — confirm URL before scraping,Formerly Center for Mental Health Policy & Services Research
PSOM - Psychiatry Division Seminars,Medicine,Department,Division Seminars,https://www.med.upenn.edu/psychiatry/div_seminars.html,Static HTML (PSOM template),Server-rendered HTML,none,"Static server-rendered HTML — requests + BeautifulSoup. Layout is hand-maintained, so selectors may drift.",Verified (page fetched),
brainSTIM Center,Medicine,Center,Center site,https://www.med.upenn.edu/brainstimcenter/,Static HTML (PSOM template),Server-rendered HTML,none,"Static server-rendered HTML — requests + BeautifulSoup. Layout is hand-maintained, so selectors may drift.",Verified (page fetched),
UPenn Brain Science Center,Medicine,Center,Center site,https://pennbrain.upenn.edu/,WordPress,Server-rendered HTML,unknown,WordPress: server-rendered HTML — requests + BeautifulSoup. Try /wp-json/wp/v2/ first; some sites expose events as a custom post type.,Pattern-inferred — confirm URL before scraping,
PSOM - Abramson Cancer Center,Medicine,Center / institute,Center site / events,http://www.pennmedicine.org/cancer,Trumba (Penn Medicine),Trumba embed on pennmedicine.org,Trumba .ics / XML feeds,Trumba: use the calendar's .ics or XML/JSON feed (trumba.com/calendars/<webName>.ics). The host page only embeds a spud/iframe.,Verified (page fetched),Clinical cancer center; public events via pennmedicine.org/events (Trumba)
PSOM - Center for Cell Therapy and Transplant,Medicine,Center / institute,Center site — no dedicated calendar,https://www.med.upenn.edu/i3h/new-center-for-cell-therapy-and-transplant-launches-at-penn-medicine,Static HTML (PSOM template),Server-rendered static HTML,none,"Static server-rendered HTML — requests + BeautifulSoup. Layout is hand-maintained, so selectors may drift.",Verified (page fetched),No dedicated calendar; see events.med.upenn.edu
PSOM - Center for Digital Health,Medicine,Center / institute,Center site — no dedicated calendar,https://cdh.nmsdev.com/home,Custom,Server-rendered static HTML,none,Server-rendered HTML — requests + BeautifulSoup; confirm the selector before relying on it.,Verified (page fetched),No dedicated calendar
PSOM - Center for Epilepsy and Neurodevelopmental Disorders (ENDD),Medicine,Center / institute,Center site / events,https://endd.med.upenn.edu/,WordPress (hosting.med),Server-rendered HTML,unknown,WordPress: server-rendered HTML — requests + BeautifulSoup. Try /wp-json/wp/v2/ first; some sites expose events as a custom post type.,Pattern-inferred — confirm URL before scraping,Check /events; otherwise PSOM calendar
PSOM - Center for Evidence Based Practice (CEP),Medicine,Center / institute,Center site — no dedicated calendar,https://www.med.upenn.edu/CEP/,Static HTML (PSOM template),Server-rendered static HTML,none,"Static server-rendered HTML — requests + BeautifulSoup. Layout is hand-maintained, so selectors may drift.",Verified (page fetched),No dedicated calendar
PSOM - Center for Genetics of Complex Diseases,Medicine,Center / institute,Center site — no dedicated calendar,https://www.med.upenn.edu/geneticscomplexdisease/,Static HTML (PSOM template),Server-rendered static HTML,none,"Static server-rendered HTML — requests + BeautifulSoup. Layout is hand-maintained, so selectors may drift.",Verified (page fetched),No dedicated calendar
PSOM - Center for Global Health,Medicine,Center / institute,Center site — no dedicated calendar,https://www.med.upenn.edu/globalhealth,Static HTML (PSOM template),Server-rendered static HTML,none,"Static server-rendered HTML — requests + BeautifulSoup. Layout is hand-maintained, so selectors may drift.",Verified (page fetched),No dedicated calendar
PSOM - Center for Health Care Transformation and Innovation (CHTI),Medicine,Center / institute,Center site / events,https://chti.upenn.edu/,WordPress,Server-rendered HTML,unknown,WordPress: server-rendered HTML — requests + BeautifulSoup. Try /wp-json/wp/v2/ first; some sites expose events as a custom post type.,Pattern-inferred — confirm URL before scraping,Check /events
PSOM - Colton Center for Autoimmunity at Penn,Medicine,Center / institute,Center site — no dedicated calendar,https://www.med.upenn.edu/PennColtonCenterAutoimmunity/,Static HTML (PSOM template),Server-rendered static HTML,none,"Static server-rendered HTML — requests + BeautifulSoup. Layout is hand-maintained, so selectors may drift.",Verified (page fetched),No dedicated calendar
PSOM - High-Throughput Institute for Discovery (HIT-ID),Medicine,Center / institute,Center site — no dedicated calendar,https://www.med.upenn.edu/HIT-ID/,Static HTML (PSOM template),Server-rendered static HTML,none,"Static server-rendered HTML — requests + BeautifulSoup. Layout is hand-maintained, so selectors may drift.",Verified (page fetched),No dedicated calendar
PSOM - Institute for Regenerative Medicine,Medicine,Center / institute,Center site / events,https://irm.med.upenn.edu,WordPress (hosting.med),Server-rendered HTML,unknown,WordPress: server-rendered HTML — requests + BeautifulSoup. Try /wp-json/wp/v2/ first; some sites expose events as a custom post type.,Pattern-inferred — confirm URL before scraping,Check /events
PSOM - Institute for RNA Innovation,Medicine,Center / institute,Center site / events,https://rnainnovation.med.upenn.edu/,WordPress (hosting.med),Server-rendered HTML,unknown,WordPress: server-rendered HTML — requests + BeautifulSoup. Try /wp-json/wp/v2/ first; some sites expose events as a custom post type.,Pattern-inferred — confirm URL before scraping,Check /events
PSOM - Institute of Structural Biology,Medicine,Center / institute,Center site / events,https://isb.med.upenn.edu/,WordPress (hosting.med),Server-rendered HTML,unknown,WordPress: server-rendered HTML — requests + BeautifulSoup. Try /wp-json/wp/v2/ first; some sites expose events as a custom post type.,Pattern-inferred — confirm URL before scraping,Check /events
PSOM - Lurie Autism Institute,Medicine,Center / institute,Center site / events,https://www.lurieautisminstitute.org/,WordPress,Server-rendered HTML,unknown,WordPress: server-rendered HTML — requests + BeautifulSoup. Try /wp-json/wp/v2/ first; some sites expose events as a custom post type.,Pattern-inferred — confirm URL before scraping,External domain
PSOM - Orphan Disease Center,Medicine,Center / institute,Center site / events,https://orphandiseasecenter.org/events,WordPress (hosting.med),Server-rendered HTML,unknown,WordPress: server-rendered HTML — requests + BeautifulSoup. Try /wp-json/wp/v2/ first; some sites expose events as a custom post type.,Pattern-inferred — confirm URL before scraping,Runs conferences and scientific meetings
PSOM - Penn Center for Cancer Care Innovation (PC3I),Medicine,Center / institute,Center site / events,https://pc3i.upenn.edu,WordPress,Server-rendered HTML,unknown,WordPress: server-rendered HTML — requests + BeautifulSoup. Try /wp-json/wp/v2/ first; some sites expose events as a custom post type.,Pattern-inferred — confirm URL before scraping,Check /events
PSOM - Penn Center for Genome Integrity,Medicine,Center / institute,Center site — no dedicated calendar,https://www.med.upenn.edu/pcgi,Static HTML (PSOM template),Server-rendered static HTML,none,"Static server-rendered HTML — requests + BeautifulSoup. Layout is hand-maintained, so selectors may drift.",Verified (page fetched),No dedicated calendar
PSOM - Penn Center for Nutritional Science and Medicine (PenNSAM),Medicine,Center / institute,Center site — no dedicated calendar,https://www.med.upenn.edu/pennsam/,Static HTML (PSOM template),Server-rendered static HTML,none,"Static server-rendered HTML — requests + BeautifulSoup. Layout is hand-maintained, so selectors may drift.",Verified (page fetched),No dedicated calendar
PSOM - Penn Medicine Translational Neuroscience Center (PTNC),Medicine,Center / institute,Center site — no dedicated calendar,https://www.med.upenn.edu/ptnc,Static HTML (PSOM template),Server-rendered static HTML,none,"Static server-rendered HTML — requests + BeautifulSoup. Layout is hand-maintained, so selectors may drift.",Verified (page fetched),No dedicated calendar
PSOM - Penn Memory Center,Medicine,Center / institute,Center site / events,https://pennmemorycenter.org/,WordPress,Server-rendered HTML,unknown,WordPress: server-rendered HTML — requests + BeautifulSoup. Try /wp-json/wp/v2/ first; some sites expose events as a custom post type.,Pattern-inferred — confirm URL before scraping,External domain; runs public programs
PSOM - Penn Transplant Institute,Medicine,Center / institute,Center site / events,https://www.pennmedicine.org/for-patients-and-visitors/find-a-program-or-service/transplant-institute,Trumba (Penn Medicine),Trumba embed on pennmedicine.org,Trumba .ics / XML feeds,Trumba: use the calendar's .ics or XML/JSON feed (trumba.com/calendars/<webName>.ics). The host page only embeds a spud/iframe.,Verified (page fetched),Patient events via pennmedicine.org
PSOM - Population Aging Research Center (PARC),Medicine,Center / institute,Center site / events,http://parc.pop.upenn.edu/,Drupal,Server-rendered HTML,none,Drupal: server-rendered HTML — requests + BeautifulSoup. Check for /ics (Drupal 7 SAS sites often expose one) and ?page= pagination.,Verified (page fetched),Seminars listed on pop.upenn.edu
PSOM - Adult Autism Spectrum Program,Medicine,Center / institute,Center site — no dedicated calendar,https://www.med.upenn.edu/aas/,Static HTML (PSOM template),Server-rendered static HTML,none,"Static server-rendered HTML — requests + BeautifulSoup. Layout is hand-maintained, so selectors may drift.",Verified (page fetched),No dedicated calendar
PSOM - Airways Biology Initiative,Medicine,Center / institute,Center site — no dedicated calendar,http://www.med.upenn.edu/airways/,Static HTML (PSOM template),Server-rendered static HTML,none,"Static server-rendered HTML — requests + BeautifulSoup. Layout is hand-maintained, so selectors may drift.",Verified (page fetched),No dedicated calendar
PSOM - Center for Cancer Data Science (CCDS),Medicine,Center / institute,Center site / events,https://dbei.med.upenn.edu/center-of-excellence/ccds/,WordPress (DBEI),Server-rendered HTML,unknown,WordPress: server-rendered HTML — requests + BeautifulSoup. Try /wp-json/wp/v2/ first; some sites expose events as a custom post type.,Pattern-inferred — confirm URL before scraping,Events via events.med.upenn.edu/dbei
PSOM - Center for Causal Inference (CCI),Medicine,Center / institute,Center site / events,https://dbei.med.upenn.edu/center-of-excellence/cci/,WordPress (DBEI),Server-rendered HTML,unknown,WordPress: server-rendered HTML — requests + BeautifulSoup. Try /wp-json/wp/v2/ first; some sites expose events as a custom post type.,Pattern-inferred — confirm URL before scraping,Events via DBEI calendar
PSOM - Center for Health AI and Synthesis of Evidence (CHASE),Medicine,Center / institute,Center site / events,https://dbei.med.upenn.edu/center-of-excellence/chase/,WordPress (DBEI),Server-rendered HTML,unknown,WordPress: server-rendered HTML — requests + BeautifulSoup. Try /wp-json/wp/v2/ first; some sites expose events as a custom post type.,Pattern-inferred — confirm URL before scraping,Events via DBEI calendar
PSOM - Center for Health Behavior Research,Medicine,Center / institute,Center site / events,https://dbei.med.upenn.edu/center-of-excellence/chbr/,WordPress (DBEI),Server-rendered HTML,unknown,WordPress: server-rendered HTML — requests + BeautifulSoup. Try /wp-json/wp/v2/ first; some sites expose events as a custom post type.,Pattern-inferred — confirm URL before scraping,Events via DBEI calendar
PSOM - Center for Health Innovations in Reproductive and Perinatal Population Research (CHIRP),Medicine,Center / institute,Center site / events,https://dbei.med.upenn.edu/center-of-excellence/center-for-health-innovations-in-reproductive-and-perinatal-population-research-chirp/,WordPress (DBEI),Server-rendered HTML,unknown,WordPress: server-rendered HTML — requests + BeautifulSoup. Try /wp-json/wp/v2/ first; some sites expose events as a custom post type.,Pattern-inferred — confirm URL before scraping,Events via DBEI calendar
PSOM - Center for Healthcare Improvement & Patient Safety (CHIPS),Medicine,Center / institute,Center site — no dedicated calendar,http://www.med.upenn.edu/chips/,Static HTML (PSOM template),Server-rendered static HTML,none,"Static server-rendered HTML — requests + BeautifulSoup. Layout is hand-maintained, so selectors may drift.",Verified (page fetched),No dedicated calendar
PSOM - Center for Human Phenomic Science,Medicine,Center / institute,Center site — no dedicated calendar,http://www.med.upenn.edu/chps/,Static HTML (PSOM template),Server-rendered static HTML,none,"Static server-rendered HTML — requests + BeautifulSoup. Layout is hand-maintained, so selectors may drift.",Verified (page fetched),No dedicated calendar
PSOM - Center for Interdisciplinary Research on Nicotine Addiction (CIRNA),Medicine,Center / institute,Center site — no dedicated calendar,http://www.med.upenn.edu/cirna/,Static HTML (PSOM template),Server-rendered static HTML,none,"Static server-rendered HTML — requests + BeautifulSoup. Layout is hand-maintained, so selectors may drift.",Verified (page fetched),No dedicated calendar
PSOM - Center for Advanced Metabolic Imaging in Precision Medicine (CAMIPM),Medicine,Center / institute,Center site / events,https://www.med.upenn.edu/CAMIPM/,Static HTML (PSOM template),Server-rendered static HTML,none,"Static server-rendered HTML — requests + BeautifulSoup. Layout is hand-maintained, so selectors may drift.",Verified (page fetched),Seminar series appears on events.med.upenn.edu/radiology
PSOM - Center for Neuromodulation in Depression and Stress,Medicine,Center / institute,Center site — no dedicated calendar,http://www.med.upenn.edu/cnds/,Static HTML (PSOM template),Server-rendered static HTML,none,"Static server-rendered HTML — requests + BeautifulSoup. Layout is hand-maintained, so selectors may drift.",Verified (page fetched),No dedicated calendar
PSOM - Center for Real-World Effectiveness and Safety of Therapeutics (CREST),Medicine,Center / institute,Center site / events,https://dbei.med.upenn.edu/center-of-excellence/crest/research/,WordPress (DBEI),Server-rendered HTML,unknown,WordPress: server-rendered HTML — requests + BeautifulSoup. Try /wp-json/wp/v2/ first; some sites expose events as a custom post type.,Pattern-inferred — confirm URL before scraping,Events via DBEI calendar
PSOM - Center for Preventive Ophthalmology and Biostatistics,Medicine,Center / institute,Center site — no dedicated calendar,http://www.med.upenn.edu/cpob/,Static HTML (PSOM template),Server-rendered static HTML,none,"Static server-rendered HTML — requests + BeautifulSoup. Layout is hand-maintained, so selectors may drift.",Verified (page fetched),No dedicated calendar
PSOM - Center for Psychotherapy Research,Medicine,Center / institute,Center site — no dedicated calendar,http://www.med.upenn.edu/cpr/,Static HTML (PSOM template),Server-rendered static HTML,none,"Static server-rendered HTML — requests + BeautifulSoup. Layout is hand-maintained, so selectors may drift.",Verified (page fetched),No dedicated calendar
PSOM - Center for Resuscitation Science,Medicine,Center / institute,Center site — no dedicated calendar,http://www.med.upenn.edu/resuscitation,Static HTML (PSOM template),Server-rendered static HTML,none,"Static server-rendered HTML — requests + BeautifulSoup. Layout is hand-maintained, so selectors may drift.",Verified (page fetched),No dedicated calendar
PSOM - Center for Statistics in Big Data (CSBD),Medicine,Center / institute,Center site / events,https://dbei.med.upenn.edu/center-of-excellence/csbbd/,WordPress (DBEI),Server-rendered HTML,unknown,WordPress: server-rendered HTML — requests + BeautifulSoup. Try /wp-json/wp/v2/ first; some sites expose events as a custom post type.,Pattern-inferred — confirm URL before scraping,Events via DBEI calendar
PSOM - Center for Studies of Addictions,Medicine,Center / institute,Center site — no dedicated calendar,http://www.med.upenn.edu/csa/,Static HTML (PSOM template),Server-rendered static HTML,none,"Static server-rendered HTML — requests + BeautifulSoup. Layout is hand-maintained, so selectors may drift.",Verified (page fetched),No dedicated calendar
PSOM - Center for the Prevention of Suicide,Medicine,Center / institute,Center site — no dedicated calendar,http://www.med.upenn.edu/suicide/,Static HTML (PSOM template),Server-rendered static HTML,none,"Static server-rendered HTML — requests + BeautifulSoup. Layout is hand-maintained, so selectors may drift.",Verified (page fetched),No dedicated calendar
PSOM - Center for Weight and Eating Disorders,Medicine,Center / institute,Center site — no dedicated calendar,http://www.med.upenn.edu/weight/,Static HTML (PSOM template),Server-rendered static HTML,none,"Static server-rendered HTML — requests + BeautifulSoup. Layout is hand-maintained, so selectors may drift.",Verified (page fetched),No dedicated calendar
PSOM - Eldridge Reeves Johnson Foundation,Medicine,Center / institute,Center site — no dedicated calendar,https://www.med.upenn.edu/jf/index.html,Static HTML (PSOM template),Server-rendered static HTML,none,"Static server-rendered HTML — requests + BeautifulSoup. Layout is hand-maintained, so selectors may drift.",Verified (page fetched),No dedicated calendar
PSOM - Mood Disorders Treatment Center,Medicine,Center / institute,Center site — no dedicated calendar,http://www.med.upenn.edu/mood/,Static HTML (PSOM template),Server-rendered static HTML,none,"Static server-rendered HTML — requests + BeautifulSoup. Layout is hand-maintained, so selectors may drift.",Verified (page fetched),No dedicated calendar
PSOM - Neurodevelopment & Psychosis Section (BBL),Medicine,Center / institute,Center site — no dedicated calendar,https://www.med.upenn.edu/bbl/,Static HTML (PSOM template),Server-rendered static HTML,none,"Static server-rendered HTML — requests + BeautifulSoup. Layout is hand-maintained, so selectors may drift.",Verified (page fetched),No dedicated calendar
PSOM - Parkinson's Disease and Movement Disorders Center,Medicine,Center / institute,Center site — no dedicated calendar,https://www.med.upenn.edu/pdmdc/,Static HTML (PSOM template),Server-rendered static HTML,none,"Static server-rendered HTML — requests + BeautifulSoup. Layout is hand-maintained, so selectors may drift.",Verified (page fetched),No dedicated calendar
PSOM - Paul F. Harron Jr. Lung Center,Medicine,Center / institute,Center site / events,http://www.pennmedicine.org/for-patients-and-visitors/find-a-program-or-service/harron-lung-center,Trumba (Penn Medicine),Trumba embed on pennmedicine.org,Trumba .ics / XML feeds,Trumba: use the calendar's .ics or XML/JSON feed (trumba.com/calendars/<webName>.ics). The host page only embeds a spud/iframe.,Verified (page fetched),Patient events via pennmedicine.org
PSOM - Penn Center for Clinical Immunology,Medicine,Center / institute,Center site — no dedicated calendar,http://www.med.upenn.edu/pcci,Static HTML (PSOM template),Server-rendered static HTML,none,"Static server-rendered HTML — requests + BeautifulSoup. Layout is hand-maintained, so selectors may drift.",Verified (page fetched),No dedicated calendar
PSOM - Penn Center for Musculoskeletal Disorders,Medicine,Center / institute,Center site / events,http://www.med.upenn.edu/pcmd,Static HTML (PSOM template),Server-rendered static HTML,none,"Static server-rendered HTML — requests + BeautifulSoup. Layout is hand-maintained, so selectors may drift.",Verified (page fetched),Runs an annual symposium
PSOM - Penn Center for Women's Behavioral Wellness,Medicine,Center / institute,Center site — no dedicated calendar,http://www.med.upenn.edu/womenswellness/,Static HTML (PSOM template),Server-rendered static HTML,none,"Static server-rendered HTML — requests + BeautifulSoup. Layout is hand-maintained, so selectors may drift.",Verified (page fetched),No dedicated calendar
PSOM - Penn Neurodegeneration Genomics Center,Medicine,Center / institute,Center site / events,https://www.penn-ngc.org/,WordPress,Server-rendered HTML,unknown,WordPress: server-rendered HTML — requests + BeautifulSoup. Try /wp-json/wp/v2/ first; some sites expose events as a custom post type.,Pattern-inferred — confirm URL before scraping,External domain
PSOM - Total Recovery at Penn Medicine,Medicine,Center / institute,Center site — no dedicated calendar,https://www.med.upenn.edu/recovery/,Static HTML (PSOM template),Server-rendered static HTML,none,"Static server-rendered HTML — requests + BeautifulSoup. Layout is hand-maintained, so selectors may drift.",Verified (page fetched),No dedicated calendar
Law - Center for Tax Law & Policy,Law,Center,Seminar Series,https://www.law.upenn.edu/institutes/taxlaw/seminar-series.php,Static PHP,Server-rendered HTML,none,"Static server-rendered HTML — requests + BeautifulSoup. Layout is hand-maintained, so selectors may drift.",Verified (page fetched),Past seminars sub-page
Law - Institute for Law & Philosophy,Law,Institute,Workshops,https://www.law.upenn.edu/institutes/ilp/workshops.php,Static PHP,Server-rendered HTML,none,"Static server-rendered HTML — requests + BeautifulSoup. Layout is hand-maintained, so selectors may drift.",Verified (page fetched),
Law - Legal History Consortium,Law,Consortium,Workshops & Lectures,https://www.law.upenn.edu/institutes/legalhistory/workshops-lectures.php,Static PHP,Server-rendered HTML,none,"Static server-rendered HTML — requests + BeautifulSoup. Layout is hand-maintained, so selectors may drift.",Verified (page fetched),
Law - Centers & Institutes index,Law,School,Centers & Institutes,https://www.law.upenn.edu/institutes/,Static PHP,Server-rendered HTML,none,"Static server-rendered HTML — requests + BeautifulSoup. Layout is hand-maintained, so selectors may drift.",Verified (page fetched),Each institute has its own events.php
Law - Lectures & conferences scholarship archive,Law,School,"Law School Lectures, Addresses, Conferences and Workshops",https://scholarship.law.upenn.edu/lectures/index.7.html,Digital Commons (bepress),Server-rendered HTML,Digital Commons OAI-PMH / RSS,Server-rendered HTML — requests + BeautifulSoup; confirm the selector before relying on it.,Verified (page fetched),"Archive of past events, not upcoming"
Penn CIS - Logic and Computation Group,Engineering,Group,Seminar series,https://www.cis.upenn.edu/~lc/,Static HTML,Server-rendered HTML,none,"Static server-rendered HTML — requests + BeautifulSoup. Layout is hand-maintained, so selectors may drift.",Verified (page fetched),Per-year seminar pages
Penn CIS - Distributed Systems Laboratory,Engineering,Lab,Lab site,https://dsl.cis.upenn.edu/,WordPress,Server-rendered HTML,unknown,WordPress: server-rendered HTML — requests + BeautifulSoup. Try /wp-json/wp/v2/ first; some sites expose events as a custom post type.,Pattern-inferred — confirm URL before scraping,No dedicated calendar
Penn CIS - Center for Human Modeling and Simulation,Engineering,Center,Lab site,https://cg.cis.upenn.edu/hms.html,Static HTML,Server-rendered HTML,none,"Static server-rendered HTML — requests + BeautifulSoup. Layout is hand-maintained, so selectors may drift.",Verified (page fetched),No dedicated calendar
Wharton - Research Data Services (WRDS),Wharton,Center,CFRC and WRDS events,https://wrds-www.wharton.upenn.edu/pages/events/cfrc/,Custom (WRDS platform),"Server-rendered HTML, partly login-gated",none,Server-rendered HTML — requests + BeautifulSoup; confirm the selector before relying on it.,Verified (page fetched),
Wharton - Customer Analytics (WCAI),Wharton,Center,Events archive,https://wcai.wharton.upenn.edu/,WordPress,Server-rendered HTML,unknown,WordPress: server-rendered HTML — requests + BeautifulSoup. Try /wp-json/wp/v2/ first; some sites expose events as a custom post type.,Pattern-inferred — confirm URL before scraping,Now folded into AI & Analytics Initiative
Wharton - Lauder Institute,Wharton,Institute,Admissions Events,https://lauder.wharton.upenn.edu/admissions-events/,WordPress,Server-rendered HTML,unknown,WordPress: server-rendered HTML — requests + BeautifulSoup. Try /wp-json/wp/v2/ first; some sites expose events as a custom post type.,Pattern-inferred — confirm URL before scraping,
Penn Civic House,University Life,Student life,Upcoming Events,https://civichouse.upenn.edu/students/upcoming-events/,WordPress,Server-rendered HTML; page had no live listings at time of check,none,WordPress: server-rendered HTML — requests + BeautifulSoup. Try /wp-json/wp/v2/ first; some sites expose events as a custom post type.,Verified (page fetched),
College House - W.E.B. Du Bois,College Houses,Residential,W.E.B. Du Bois House Event Calendar,https://collegehouses.upenn.edu/group/du-bois/calendar,Drupal 11 (College Houses & Academic Services),Server-rendered month grid,none,Drupal: server-rendered HTML — requests + BeautifulSoup. Check for /ics (Drupal 7 SAS sites often expose one) and ?page= pagination.,Verified (page fetched),13 houses; pattern /group/<slug>/calendar confirmed on Lauder
College House - Fisher Hassenfeld,College Houses,Residential,Fisher Hassenfeld House Event Calendar,https://collegehouses.upenn.edu/group/fisher-hassenfeld/calendar,Drupal 11 (College Houses & Academic Services),Server-rendered month grid,none,Drupal: server-rendered HTML — requests + BeautifulSoup. Check for /ics (Drupal 7 SAS sites often expose one) and ?page= pagination.,Verified (page fetched),13 houses; pattern /group/<slug>/calendar confirmed on Lauder
College House - Gregory,College Houses,Residential,Gregory House Event Calendar,https://collegehouses.upenn.edu/group/gregory/calendar,Drupal 11 (College Houses & Academic Services),Server-rendered month grid,none,Drupal: server-rendered HTML — requests + BeautifulSoup. Check for /ics (Drupal 7 SAS sites often expose one) and ?page= pagination.,Verified (page fetched),13 houses; pattern /group/<slug>/calendar confirmed on Lauder
College House - Gutmann,College Houses,Residential,Gutmann House Event Calendar,https://collegehouses.upenn.edu/group/gutmann/calendar,Drupal 11 (College Houses & Academic Services),Server-rendered month grid,none,Drupal: server-rendered HTML — requests + BeautifulSoup. Check for /ics (Drupal 7 SAS sites often expose one) and ?page= pagination.,Verified (page fetched),13 houses; pattern /group/<slug>/calendar confirmed on Lauder
College House - Harnwell,College Houses,Residential,Harnwell House Event Calendar,https://collegehouses.upenn.edu/group/harnwell/calendar,Drupal 11 (College Houses & Academic Services),Server-rendered month grid,none,Drupal: server-rendered HTML — requests + BeautifulSoup. Check for /ics (Drupal 7 SAS sites often expose one) and ?page= pagination.,Verified (page fetched),13 houses; pattern /group/<slug>/calendar confirmed on Lauder
College House - Harrison,College Houses,Residential,Harrison House Event Calendar,https://collegehouses.upenn.edu/group/harrison/calendar,Drupal 11 (College Houses & Academic Services),Server-rendered month grid,none,Drupal: server-rendered HTML — requests + BeautifulSoup. Check for /ics (Drupal 7 SAS sites often expose one) and ?page= pagination.,Verified (page fetched),13 houses; pattern /group/<slug>/calendar confirmed on Lauder
College House - Hill,College Houses,Residential,Hill House Event Calendar,https://collegehouses.upenn.edu/group/hill/calendar,Drupal 11 (College Houses & Academic Services),Server-rendered month grid,none,Drupal: server-rendered HTML — requests + BeautifulSoup. Check for /ics (Drupal 7 SAS sites often expose one) and ?page= pagination.,Verified (page fetched),13 houses; pattern /group/<slug>/calendar confirmed on Lauder
College House - Kings Court English,College Houses,Residential,Kings Court English House Event Calendar,https://collegehouses.upenn.edu/group/kings-court-english/calendar,Drupal 11 (College Houses & Academic Services),Server-rendered month grid,none,Drupal: server-rendered HTML — requests + BeautifulSoup. Check for /ics (Drupal 7 SAS sites often expose one) and ?page= pagination.,Verified (page fetched),13 houses; pattern /group/<slug>/calendar confirmed on Lauder
College House - Lauder,College Houses,Residential,Lauder House Event Calendar,https://collegehouses.upenn.edu/group/lauder/calendar,Drupal 11 (College Houses & Academic Services),Server-rendered month grid,none,Drupal: server-rendered HTML — requests + BeautifulSoup. Check for /ics (Drupal 7 SAS sites often expose one) and ?page= pagination.,Verified (page fetched),13 houses; pattern /group/<slug>/calendar confirmed on Lauder
College House - Riepe,College Houses,Residential,Riepe House Event Calendar,https://collegehouses.upenn.edu/group/riepe/calendar,Drupal 11 (College Houses & Academic Services),Server-rendered month grid,none,Drupal: server-rendered HTML — requests + BeautifulSoup. Check for /ics (Drupal 7 SAS sites often expose one) and ?page= pagination.,Verified (page fetched),13 houses; pattern /group/<slug>/calendar confirmed on Lauder
College House - Rodin,College Houses,Residential,Rodin House Event Calendar,https://collegehouses.upenn.edu/group/rodin/calendar,Drupal 11 (College Houses & Academic Services),Server-rendered month grid,none,Drupal: server-rendered HTML — requests + BeautifulSoup. Check for /ics (Drupal 7 SAS sites often expose one) and ?page= pagination.,Verified (page fetched),13 houses; pattern /group/<slug>/calendar confirmed on Lauder
College House - Stouffer,College Houses,Residential,Stouffer House Event Calendar,https://collegehouses.upenn.edu/group/stouffer/calendar,Drupal 11 (College Houses & Academic Services),Server-rendered month grid,none,Drupal: server-rendered HTML — requests + BeautifulSoup. Check for /ics (Drupal 7 SAS sites often expose one) and ?page= pagination.,Verified (page fetched),13 houses; pattern /group/<slug>/calendar confirmed on Lauder
College House - Ware,College Houses,Residential,Ware House Event Calendar,https://collegehouses.upenn.edu/group/ware/calendar,Drupal 11 (College Houses & Academic Services),Server-rendered month grid,none,Drupal: server-rendered HTML — requests + BeautifulSoup. Check for /ics (Drupal 7 SAS sites often expose one) and ?page= pagination.,Verified (page fetched),13 houses; pattern /group/<slug>/calendar confirmed on Lauder
Penn Institute for Regenerative Medicine,Medicine,Institute,Events,https://irm.med.upenn.edu/events/,WordPress (hosting.med),Server-rendered HTML with Upcoming/Past sections,unknown,WordPress: server-rendered HTML — requests + BeautifulSoup. Try /wp-json/wp/v2/ first; some sites expose events as a custom post type.,Pattern-inferred — confirm URL before scraping,"Distinguished Seminar Series, Stem Cell Club"
Penn Institute for RNA Innovation,Medicine,Institute,Events (stub),https://rnainnovation.med.upenn.edu/events/,Static HTML (PSOM template),Server-rendered stub; points to Archived Events,none,"Static server-rendered HTML — requests + BeautifulSoup. Layout is hand-maintained, so selectors may drift.",Verified (page fetched),No live listings at time of checkVagelos Institute for Energy Science & Technology
Penn Vet - Penn Vet Cancer Center,Vet,Center,Center site,https://www.vet.upenn.edu/research/research-centers-and-institute/penn-vet-cancer-center/,WordPress,Server-rendered HTML,none,WordPress: server-rendered HTML — requests + BeautifulSoup. Try /wp-json/wp/v2/ first; some sites expose events as a custom post type.,Verified (page fetched),Events post to the Penn Vet school calendar
Penn Vet - Working Dog Center,Vet,Center,Tours and events,https://www.vet.upenn.edu/research/centers-initiatives/penn-vet-working-dog-center/,WordPress + The Events Calendar,Server-rendered HTML,?ical=1 on the school calendar,"WordPress ""The Events Calendar"": use /wp-json/tribe/events/v1/events (JSON, paginated) — cleanest option. ?ical=1 on any view gives .ics.",Verified (page fetched),Public tours listed on the Penn Vet events calendar
Penn Vet - Center for Animal Transgenesis & Germ Cell Research,Vet,Center,Center site,https://www.vet.upenn.edu/research/centers-laboratories/center/center-for-animal-transgenesis-and-germ-cell-research,WordPress,Server-rendered HTML,none,WordPress: server-rendered HTML — requests + BeautifulSoup. Try /wp-json/wp/v2/ first; some sites expose events as a custom post type.,Verified (page fetched),No dedicated calendar
Penn Vet - Research Centers index,Vet,School,Research Centers and Institute,https://www.vet.upenn.edu/research/research-centers-and-institute/,WordPress,Server-rendered HTML,none,WordPress: server-rendered HTML — requests + BeautifulSoup. Try /wp-json/wp/v2/ first; some sites expose events as a custom post type.,Verified (page fetched),Index page
Penn Dental - Center for Innovation & Precision Dentistry,Dental,Center,CiPD News & Events,https://www.dental.upenn.edu/research/center-for-innovation-precision-dentistry/news-events/,WordPress,Server-rendered HTML,unknown,WordPress: server-rendered HTML — requests + BeautifulSoup. Try /wp-json/wp/v2/ first; some sites expose events as a custom post type.,Pattern-inferred — confirm URL before scraping,Annual CiPD Symposium
Penn Dental - Center for Integrative Global Oral Health,Dental,Center,CIGOH News & Events,https://www.dental.upenn.edu/research/center-for-integrative-global-oral-health/newsevents/,WordPress,Server-rendered HTML,unknown,WordPress: server-rendered HTML — requests + BeautifulSoup. Try /wp-json/wp/v2/ first; some sites expose events as a custom post type.,Pattern-inferred — confirm URL before scraping,
Penn Dental - Research Day,Dental,School,Research Day,https://www.dental.upenn.edu/research/research-overview/research-day/,WordPress,Server-rendered HTML,none,WordPress: server-rendered HTML — requests + BeautifulSoup. Try /wp-json/wp/v2/ first; some sites expose events as a custom post type.,Verified (page fetched),Annual event
Weitzman - Center for the Preservation of Civil Rights Sites,Design,Center,Events,https://www.design.upenn.edu/cpcrs/events,Drupal 10,Server-rendered HTML,none,Drupal: server-rendered HTML — requests + BeautifulSoup. Check for /ics (Drupal 7 SAS sites often expose one) and ?page= pagination.,Verified (page fetched),Standalone site at cpcrs.upenn.edu
Weitzman - Center for Public Art and Space,Design,Center,Center site,https://www.design.upenn.edu/cpas/home,Drupal 10,Server-rendered HTML,none,Drupal: server-rendered HTML — requests + BeautifulSoup. Check for /ics (Drupal 7 SAS sites often expose one) and ?page= pagination.,Verified (page fetched),Events post to the school calendar
Penn AHEAD (Alliance for Higher Education and Democracy),GSE,Center,Center site / events,https://www.ahead-penn.org/,WordPress,Server-rendered HTML,unknown,WordPress: server-rendered HTML — requests + BeautifulSoup. Try /wp-json/wp/v2/ first; some sites expose events as a custom post type.,Pattern-inferred — confirm URL before scraping,External domain
Penn Center for Social Norms & Behavioral Dynamics,SAS,Center,Upcoming Events,https://normsandbehavior.sas.upenn.edu/upcoming-events,Drupal,Server-rendered HTML,none,Drupal: server-rendered HTML — requests + BeautifulSoup. Check for /ics (Drupal 7 SAS sites often expose one) and ?page= pagination.,Verified (page fetched),NoBeC Talks; past events sub-page
Penn Center for Tobacco Research,Medicine,Center,Events Calendar (LiveWhale group),https://events.med.upenn.edu/tobacco/,LiveWhale Calendar,JS-rendered,LiveWhale ics/RSS,"LiveWhale: the HTML is injected by JS, so scraping the page fails. Use the group feed instead — append ?format=json or ?format=ics to the group URL, or build one from the calendar's Subscribe button.",Verified (page fetched),Penn Tobacco Center of Regulatory Science seminars
Center for Targeted Therapeutics & Translational Nanomedicine (CT3N),Medicine,Center,Center site / seminar series,https://www.itmat.upenn.edu/ct3n/,Static HTML (PSOM template),Server-rendered HTML,none,"Static server-rendered HTML — requests + BeautifulSoup. Layout is hand-maintained, so selectors may drift.",Verified (page fetched),Seminar schedule linked from ITMAT
Penn Center for Molecular Discovery,Engineering,Center,Center site,https://www.seas.upenn.edu/~pcmd/,Static HTML,Server-rendered HTML,none,"Static server-rendered HTML — requests + BeautifulSoup. Layout is hand-maintained, so selectors may drift.",Verified (page fetched),Legacy site; no dedicated calendar
Center for Precision Engineering for Health (CPE4H),Engineering,Center,Events,https://cpe4h.seas.upenn.edu/events/,WordPress + The Events Calendar,Server-rendered HTML,?ical=1 ; TEC REST API,"WordPress ""The Events Calendar"": use /wp-json/tribe/events/v1/events (JSON, paginated) — cleanest option. ?ical=1 on any view gives .ics.",Verified (page fetched),Annual CPE4H Symposium
Penn QUIEST (Quantum Information Engineering Science & Technology),Engineering,Center,Events / news,https://quiest.seas.upenn.edu/,WordPress,Server-rendered HTML,unknown,WordPress: server-rendered HTML — requests + BeautifulSoup. Try /wp-json/wp/v2/ first; some sites expose events as a custom post type.,Pattern-inferred — confirm URL before scraping,Penn Forum on Quantum Systems (FoQuS)
Penn IDEAS Center,Engineering,Center,Events,https://ideas.seas.upenn.edu/,WordPress,Server-rendered HTML,unknown,WordPress: server-rendered HTML — requests + BeautifulSoup. Try /wp-json/wp/v2/ first; some sites expose events as a custom post type.,Pattern-inferred — confirm URL before scraping,
Penn MEAM - Centers + Institutes,Engineering,Department,Centers + Institutes,https://www.me.upenn.edu/centers-institutes/,WordPress,Server-rendered HTML,none,WordPress: server-rendered HTML — requests + BeautifulSoup. Try /wp-json/wp/v2/ first; some sites expose events as a custom post type.,Verified (page fetched),Index page
Penn MSE - Centers + Institutes,Engineering,Department,Centers + Institutes,https://mse.seas.upenn.edu/centers-institutes/,WordPress,Server-rendered HTML,none,WordPress: server-rendered HTML — requests + BeautifulSoup. Try /wp-json/wp/v2/ first; some sites expose events as a custom post type.,Verified (page fetched),Index page
Penn CBE - Centers + Institutes,Engineering,Department,Centers + Institutes,https://cbe.seas.upenn.edu/centers-institutes/,WordPress,Server-rendered HTML,none,WordPress: server-rendered HTML — requests + BeautifulSoup. Try /wp-json/wp/v2/ first; some sites expose events as a custom post type.,Verified (page fetched),Index page
Penn Center for Learning Analytics,GSE,Center,Center site,https://learninganalytics.upenn.edu/,Static HTML,Server-rendered HTML,none,"Static server-rendered HTML — requests + BeautifulSoup. Layout is hand-maintained, so selectors may drift.",Verified (page fetched),No dedicated calendar
Penn Vet - Center for Stewardship Agriculture & Food Security,Vet,Center,Center site,https://www.vet.upenn.edu/research/research-centers-and-institute/center-for-stewardship-agriculture-and-food-security/,WordPress,Server-rendered HTML,none,WordPress: server-rendered HTML — requests + BeautifulSoup. Try /wp-json/wp/v2/ first; some sites expose events as a custom post type.,Verified (page fetched),Events post to the Penn Vet school calendar
Weitzman - Architectural Conservation Laboratory,Design,Lab,Lab site,https://acl.design.upenn.edu/,WordPress,Server-rendered HTML,unknown,WordPress: server-rendered HTML — requests + BeautifulSoup. Try /wp-json/wp/v2/ first; some sites expose events as a custom post type.,Pattern-inferred — confirm URL before scraping,Center for Architectural Conservation
Weitzman - PhD Architecture events archive,Design,Program,Events archive,https://www.design.upenn.edu/architecture/phd/archive/events,Drupal 10,Server-rendered HTML,none,Drupal: server-rendered HTML — requests + BeautifulSoup. Check for /ics (Drupal 7 SAS sites often expose one) and ?page= pagination.,Verified (page fetched),
Joint Penn-CHOP Center for Digestive Liver & Pancreatic Medicine,Medicine,Center,Events,https://www.med.upenn.edu/jointcenterfordighealth/Events.shtml,Static HTML (legacy PSOM),Server-rendered HTML,none,"Static server-rendered HTML — requests + BeautifulSoup. Layout is hand-maintained, so selectors may drift.",Verified (page fetched),
Center for Neurobiology and Behavior (CNB),Medicine,Center,Center site,https://www.med.upenn.edu/cnb/,Static HTML (PSOM template),Server-rendered HTML,none,"Static server-rendered HTML — requests + BeautifulSoup. Layout is hand-maintained, so selectors may drift.",Verified (page fetched),No dedicated calendar
ViDi Center,Engineering,Center,Center page,https://cg.cis.upenn.edu/vidi.html,Static HTML,Server-rendered HTML,none,"Static server-rendered HTML — requests + BeautifulSoup. Layout is hand-maintained, so selectors may drift.",Verified (page fetched),No dedicated calendar
PSOM - Neuroscience related seminars index,Medicine,Department,Neuroscience Related Seminar Series at Penn,https://www.med.upenn.edu/neuroscience/neuroscience-related-seminars.html,Static HTML (PSOM template),Server-rendered HTML,none,"Static server-rendered HTML — requests + BeautifulSoup. Layout is hand-maintained, so selectors may drift.",Verified (page fetched),Useful index of neuroscience seminar series across Penn
Penn Center for Innovation (PCI),University,Center,Events,https://pci.upenn.edu/events/,WordPress,Server-rendered HTML,unknown,WordPress: server-rendered HTML — requests + BeautifulSoup. Try /wp-json/wp/v2/ first; some sites expose events as a custom post type.,Pattern-inferred — confirm URL before scraping,Tech transfer and innovation events
Penn GSE - RIPPLE Lab,GSE,Lab,Lab page,https://www.gse.upenn.edu/our-expertise/ripple-lab,Drupal 10,Server-rendered HTML,none,Drupal: server-rendered HTML — requests + BeautifulSoup. Check for /ics (Drupal 7 SAS sites often expose one) and ?page= pagination.,Verified (page fetched),Events post to the GSE school calendar
Penn Child Research Center,GSE,Center,Center site,https://child.gse.upenn.edu/,Drupal,Server-rendered HTML,unknown,Drupal: server-rendered HTML — requests + BeautifulSoup. Check for /ics (Drupal 7 SAS sites often expose one) and ?page= pagination.,Pattern-inferred — confirm URL before scraping,Early childhood and family research
SAS - Center for the Study of Ethnicity Race & Immigration (CSERI),SAS,Center,Events,https://cseri.sas.upenn.edu/events,Drupal,Server-rendered HTML,none,Drupal: server-rendered HTML — requests + BeautifulSoup. Check for /ics (Drupal 7 SAS sites often expose one) and ?page= pagination.,Verified (page fetched),
Ortner Center on Violence & Abuse,SP2,Center,Events,http://ortnercenter.org/,WordPress,Server-rendered HTML,unknown,WordPress: server-rendered HTML — requests + BeautifulSoup. Try /wp-json/wp/v2/ first; some sites expose events as a custom post type.,Pattern-inferred — confirm URL before scraping,External domain
Field Center for Children's Policy Practice & Research,SP2,Center,Events,https://fieldcenteratpenn.org/,WordPress,Server-rendered HTML,unknown,WordPress: server-rendered HTML — requests + BeautifulSoup. Try /wp-json/wp/v2/ first; some sites expose events as a custom post type.,Pattern-inferred — confirm URL before scraping,External domain
Center for Guaranteed Income Research (CGIR),SP2,Center,Center site,https://www.penncgir.org/,Squarespace,Server-rendered HTML; append ?format=json for structured data,none,Squarespace: server-rendered; append ?format=json to most URLs for structured data.,Verified (page fetched),External domain; no dedicated calendar
Computational Biology and Informatics Lab (CBIL),Medicine,Lab,Lab site,http://www.cbil.upenn.edu/,Static HTML,Server-rendered HTML,none,"Static server-rendered HTML — requests + BeautifulSoup. Layout is hand-maintained, so selectors may drift.",Verified (page fetched),No dedicated calendar
Law - Penn Program on Documentaries & the Law,Law,Program,Courses & Seminars / roundtables,https://www.law.upenn.edu/institutes/documentaries/,Static PHP + LiveWhale,Server-rendered HTML,LiveWhale ics/RSS on tag views,"LiveWhale: the HTML is injected by JS, so scraping the page fails. Use the group feed instead — append ?format=json or ?format=ics to the group URL, or build one from the calendar's Subscribe button.",Verified (page fetched),Visual Legal Advocacy Roundtables
Wharton - Finance research centers index,Wharton,Department,Research Centers,https://fnce.wharton.upenn.edu/research-centers/,WordPress,Server-rendered HTML,none,WordPress: server-rendered HTML — requests + BeautifulSoup. Try /wp-json/wp/v2/ first; some sites expose events as a custom post type.,Verified (page fetched),"Snider, SEI, FIC, Rodney White"
Wharton - Finance Centers (pillar),Wharton,Pillar,Wharton's Financial Research Centers,https://finance-pillar.wharton.upenn.edu/centers/,WordPress,Server-rendered HTML,none,WordPress: server-rendered HTML — requests + BeautifulSoup. Try /wp-json/wp/v2/ first; some sites expose events as a custom post type.,Verified (page fetched),
Housing Initiative at Penn (HIP),Design,Initiative,Project page,https://www.design.upenn.edu/work/housing-initiative-penn-hip,Drupal 10,Server-rendered HTML,none,Drupal: server-rendered HTML — requests + BeautifulSoup. Check for /ics (Drupal 7 SAS sites often expose one) and ?page= pagination.,Verified (page fetched),No dedicated calendar
Graduate Group in Genomics & Computational Biology (GCB),Medicine,Graduate group,Program site / seminars,https://www.med.upenn.edu/gcb/,Static HTML (PSOM template),Server-rendered HTML,none,"Static server-rendered HTML — requests + BeautifulSoup. Layout is hand-maintained, so selectors may drift.",Verified (page fetched),Events also on events.med.upenn.edu
